days_ago,amount,merchant,account,category,detailed,tags
1,7.33,Blue Bottle Coffee,amexgold,dining,FOOD_AND_DRINK_RESTAURANT,coffee
4,7.37,Blue Bottle Coffee,amexgold,dining,FOOD_AND_DRINK_RESTAURANT,coffee
8,7.54,Blue Bottle Coffee,amexgold,dining,FOOD_AND_DRINK_RESTAURANT,coffee
11,7.50,Blue Bottle Coffee,amexgold,dining,FOOD_AND_DRINK_RESTAURANT,coffee
15,8.07,Blue Bottle Coffee,amexgold,dining,FOOD_AND_DRINK_RESTAURANT,coffee
18,7.38,Blue Bottle Coffee,amexgold,dining,FOOD_AND_DRINK_RESTAURANT,coffee
21,6.38,Blue Bottle Coffee,amexgold,dining,FOOD_AND_DRINK_RESTAURANT,coffee
25,7.37,Blue Bottle Coffee,amexgold,dining,FOOD_AND_DRINK_RESTAURANT,coffee
28,7.54,Blue Bottle Coffee,amexgold,dining,FOOD_AND_DRINK_RESTAURANT,coffee
31,7.19,Blue Bottle Coffee,amexgold,dining,FOOD_AND_DRINK_RESTAURANT,coffee
35,8.06,Blue Bottle Coffee,amexgold,dining,FOOD_AND_DRINK_RESTAURANT,coffee
38,7.67,Blue Bottle Coffee,amexgold,dining,FOOD_AND_DRINK_RESTAURANT,coffee
43,6.55,Blue Bottle Coffee,amexgold,dining,FOOD_AND_DRINK_RESTAURANT,coffee
44,6.81,Blue Bottle Coffee,amexgold,dining,FOOD_AND_DRINK_RESTAURANT,coffee
48,7.03,Blue Bottle Coffee,amexgold,dining,FOOD_AND_DRINK_RESTAURANT,coffee
52,6.48,Blue Bottle Coffee,amexgold,dining,FOOD_AND_DRINK_RESTAURANT,coffee
55,7.47,Blue Bottle Coffee,amexgold,dining,FOOD_AND_DRINK_RESTAURANT,coffee
58,8.06,Blue Bottle Coffee,amexgold,dining,FOOD_AND_DRINK_RESTAURANT,coffee
63,7.89,Blue Bottle Coffee,amexgold,dining,FOOD_AND_DRINK_RESTAURANT,coffee
64,7.57,Blue Bottle Coffee,amexgold,dining,FOOD_AND_DRINK_RESTAURANT,coffee
68,6.32,Blue Bottle Coffee,amexgold,dining,FOOD_AND_DRINK_RESTAURANT,coffee
73,8.35,Blue Bottle Coffee,amexgold,dining,FOOD_AND_DRINK_RESTAURANT,coffee
74,6.52,Blue Bottle Coffee,amexgold,dining,FOOD_AND_DRINK_RESTAURANT,coffee
80,6.96,Blue Bottle Coffee,amexgold,dining,FOOD_AND_DRINK_RESTAURANT,coffee
82,7.47,Blue Bottle Coffee,amexgold,dining,FOOD_AND_DRINK_RESTAURANT,coffee
87,6.52,Blue Bottle Coffee,amexgold,dining,FOOD_AND_DRINK_RESTAURANT,coffee
90,8.00,Blue Bottle Coffee,amexgold,dining,FOOD_AND_DRINK_RESTAURANT,coffee
92,6.26,Blue Bottle Coffee,amexgold,dining,FOOD_AND_DRINK_RESTAURANT,coffee
95,8.05,Blue Bottle Coffee,amexgold,dining,FOOD_AND_DRINK_RESTAURANT,coffee
99,7.36,Blue Bottle Coffee,amexgold,dining,FOOD_AND_DRINK_RESTAURANT,coffee
101,7.30,Blue Bottle Coffee,amexgold,dining,FOOD_AND_DRINK_RESTAURANT,coffee
107,6.40,Blue Bottle Coffee,amexgold,dining,FOOD_AND_DRINK_RESTAURANT,coffee
109,6.30,Blue Bottle Coffee,amexgold,dining,FOOD_AND_DRINK_RESTAURANT,coffee
113,7.60,Blue Bottle Coffee,amexgold,dining,FOOD_AND_DRINK_RESTAURANT,coffee
117,7.14,Blue Bottle Coffee,amexgold,dining,FOOD_AND_DRINK_RESTAURANT,coffee
119,6.98,Blue Bottle Coffee,amexgold,dining,FOOD_AND_DRINK_RESTAURANT,coffee
122,7.81,Blue Bottle Coffee,amexgold,dining,FOOD_AND_DRINK_RESTAURANT,coffee
126,7.87,Blue Bottle Coffee,amexgold,dining,FOOD_AND_DRINK_RESTAURANT,coffee
129,7.42,Blue Bottle Coffee,amexgold,dining,FOOD_AND_DRINK_RESTAURANT,coffee
133,8.05,Blue Bottle Coffee,amexgold,dining,FOOD_AND_DRINK_RESTAURANT,coffee
135,6.46,Blue Bottle Coffee,amexgold,dining,FOOD_AND_DRINK_RESTAURANT,coffee
140,7.57,Blue Bottle Coffee,amexgold,dining,FOOD_AND_DRINK_RESTAURANT,coffee
142,7.01,Blue Bottle Coffee,amexgold,dining,FOOD_AND_DRINK_RESTAURANT,coffee
146,8.26,Blue Bottle Coffee,amexgold,dining,FOOD_AND_DRINK_RESTAURANT,coffee
151,7.59,Blue Bottle Coffee,amexgold,dining,FOOD_AND_DRINK_RESTAURANT,coffee
153,8.22,Blue Bottle Coffee,amexgold,dining,FOOD_AND_DRINK_RESTAURANT,coffee
157,7.16,Blue Bottle Coffee,amexgold,dining,FOOD_AND_DRINK_RESTAURANT,coffee
159,7.33,Blue Bottle Coffee,amexgold,dining,FOOD_AND_DRINK_RESTAURANT,coffee
162,8.14,Blue Bottle Coffee,amexgold,dining,FOOD_AND_DRINK_RESTAURANT,coffee
166,7.10,Blue Bottle Coffee,amexgold,dining,FOOD_AND_DRINK_RESTAURANT,coffee
169,6.38,Blue Bottle Coffee,amexgold,dining,FOOD_AND_DRINK_RESTAURANT,coffee
174,7.40,Blue Bottle Coffee,amexgold,dining,FOOD_AND_DRINK_RESTAURANT,coffee
177,6.43,Blue Bottle Coffee,amexgold,dining,FOOD_AND_DRINK_RESTAURANT,coffee
180,7.57,Blue Bottle Coffee,amexgold,dining,FOOD_AND_DRINK_RESTAURANT,coffee
185,8.32,Blue Bottle Coffee,amexgold,dining,FOOD_AND_DRINK_RESTAURANT,coffee
187,7.53,Blue Bottle Coffee,amexgold,dining,FOOD_AND_DRINK_RESTAURANT,coffee
190,7.27,Blue Bottle Coffee,amexgold,dining,FOOD_AND_DRINK_RESTAURANT,coffee
193,7.63,Blue Bottle Coffee,amexgold,dining,FOOD_AND_DRINK_RESTAURANT,coffee
197,8.39,Blue Bottle Coffee,amexgold,dining,FOOD_AND_DRINK_RESTAURANT,coffee
202,6.50,Blue Bottle Coffee,amexgold,dining,FOOD_AND_DRINK_RESTAURANT,coffee
203,7.62,Blue Bottle Coffee,amexgold,dining,FOOD_AND_DRINK_RESTAURANT,coffee
208,6.96,Blue Bottle Coffee,amexgold,dining,FOOD_AND_DRINK_RESTAURANT,coffee
212,7.03,Blue Bottle Coffee,amexgold,dining,FOOD_AND_DRINK_RESTAURANT,coffee
215,7.64,Blue Bottle Coffee,amexgold,dining,FOOD_AND_DRINK_RESTAURANT,coffee
216,6.83,Blue Bottle Coffee,amexgold,dining,FOOD_AND_DRINK_RESTAURANT,coffee
221,7.28,Blue Bottle Coffee,amexgold,dining,FOOD_AND_DRINK_RESTAURANT,coffee
224,6.70,Blue Bottle Coffee,amexgold,dining,FOOD_AND_DRINK_RESTAURANT,coffee
229,6.89,Blue Bottle Coffee,amexgold,dining,FOOD_AND_DRINK_RESTAURANT,coffee
230,7.42,Blue Bottle Coffee,amexgold,dining,FOOD_AND_DRINK_RESTAURANT,coffee
234,6.60,Blue Bottle Coffee,amexgold,dining,FOOD_AND_DRINK_RESTAURANT,coffee
239,8.26,Blue Bottle Coffee,amexgold,dining,FOOD_AND_DRINK_RESTAURANT,coffee
242,6.21,Blue Bottle Coffee,amexgold,dining,FOOD_AND_DRINK_RESTAURANT,coffee
245,8.07,Blue Bottle Coffee,amexgold,dining,FOOD_AND_DRINK_RESTAURANT,coffee
248,7.74,Blue Bottle Coffee,amexgold,dining,FOOD_AND_DRINK_RESTAURANT,coffee
251,6.20,Blue Bottle Coffee,amexgold,dining,FOOD_AND_DRINK_RESTAURANT,coffee
255,7.28,Blue Bottle Coffee,amexgold,dining,FOOD_AND_DRINK_RESTAURANT,coffee
257,7.98,Blue Bottle Coffee,amexgold,dining,FOOD_AND_DRINK_RESTAURANT,coffee
260,6.39,Blue Bottle Coffee,amexgold,dining,FOOD_AND_DRINK_RESTAURANT,coffee
266,7.55,Blue Bottle Coffee,amexgold,dining,FOOD_AND_DRINK_RESTAURANT,coffee
269,8.04,Blue Bottle Coffee,amexgold,dining,FOOD_AND_DRINK_RESTAURANT,coffee
273,8.36,Blue Bottle Coffee,amexgold,dining,FOOD_AND_DRINK_RESTAURANT,coffee
274,6.57,Blue Bottle Coffee,amexgold,dining,FOOD_AND_DRINK_RESTAURANT,coffee
278,7.07,Blue Bottle Coffee,amexgold,dining,FOOD_AND_DRINK_RESTAURANT,coffee
282,7.37,Blue Bottle Coffee,amexgold,dining,FOOD_AND_DRINK_RESTAURANT,coffee
284,6.33,Blue Bottle Coffee,amexgold,dining,FOOD_AND_DRINK_RESTAURANT,coffee
288,6.80,Blue Bottle Coffee,amexgold,dining,FOOD_AND_DRINK_RESTAURANT,coffee
292,7.80,Blue Bottle Coffee,amexgold,dining,FOOD_AND_DRINK_RESTAURANT,coffee
295,6.94,Blue Bottle Coffee,amexgold,dining,FOOD_AND_DRINK_RESTAURANT,coffee
299,7.02,Blue Bottle Coffee,amexgold,dining,FOOD_AND_DRINK_RESTAURANT,coffee
303,6.85,Blue Bottle Coffee,amexgold,dining,FOOD_AND_DRINK_RESTAURANT,coffee
305,6.74,Blue Bottle Coffee,amexgold,dining,FOOD_AND_DRINK_RESTAURANT,coffee
310,6.90,Blue Bottle Coffee,amexgold,dining,FOOD_AND_DRINK_RESTAURANT,coffee
312,7.62,Blue Bottle Coffee,amexgold,dining,FOOD_AND_DRINK_RESTAURANT,coffee
315,6.49,Blue Bottle Coffee,amexgold,dining,FOOD_AND_DRINK_RESTAURANT,coffee
318,8.01,Blue Bottle Coffee,amexgold,dining,FOOD_AND_DRINK_RESTAURANT,coffee
321,8.00,Blue Bottle Coffee,amexgold,dining,FOOD_AND_DRINK_RESTAURANT,coffee
325,7.59,Blue Bottle Coffee,amexgold,dining,FOOD_AND_DRINK_RESTAURANT,coffee
330,7.83,Blue Bottle Coffee,amexgold,dining,FOOD_AND_DRINK_RESTAURANT,coffee
333,6.42,Blue Bottle Coffee,amexgold,dining,FOOD_AND_DRINK_RESTAURANT,coffee
335,7.84,Blue Bottle Coffee,amexgold,dining,FOOD_AND_DRINK_RESTAURANT,coffee
338,6.45,Blue Bottle Coffee,amexgold,dining,FOOD_AND_DRINK_RESTAURANT,coffee
343,6.41,Blue Bottle Coffee,amexgold,dining,FOOD_AND_DRINK_RESTAURANT,coffee
347,7.61,Blue Bottle Coffee,amexgold,dining,FOOD_AND_DRINK_RESTAURANT,coffee
350,7.47,Blue Bottle Coffee,amexgold,dining,FOOD_AND_DRINK_RESTAURANT,coffee
354,7.75,Blue Bottle Coffee,amexgold,dining,FOOD_AND_DRINK_RESTAURANT,coffee
356,7.88,Blue Bottle Coffee,amexgold,dining,FOOD_AND_DRINK_RESTAURANT,coffee
359,6.65,Blue Bottle Coffee,amexgold,dining,FOOD_AND_DRINK_RESTAURANT,coffee
362,7.58,Blue Bottle Coffee,amexgold,dining,FOOD_AND_DRINK_RESTAURANT,coffee
365,7.44,Blue Bottle Coffee,amexgold,dining,FOOD_AND_DRINK_RESTAURANT,coffee
371,8.10,Blue Bottle Coffee,amexgold,dining,FOOD_AND_DRINK_RESTAURANT,coffee
373,8.13,Blue Bottle Coffee,amexgold,dining,FOOD_AND_DRINK_RESTAURANT,coffee
375,7.36,Blue Bottle Coffee,amexgold,dining,FOOD_AND_DRINK_RESTAURANT,coffee
381,6.76,Blue Bottle Coffee,amexgold,dining,FOOD_AND_DRINK_RESTAURANT,coffee
384,6.51,Blue Bottle Coffee,amexgold,dining,FOOD_AND_DRINK_RESTAURANT,coffee
388,7.24,Blue Bottle Coffee,amexgold,dining,FOOD_AND_DRINK_RESTAURANT,coffee
391,8.38,Blue Bottle Coffee,amexgold,dining,FOOD_AND_DRINK_RESTAURANT,coffee
393,7.22,Blue Bottle Coffee,amexgold,dining,FOOD_AND_DRINK_RESTAURANT,coffee
397,6.42,Blue Bottle Coffee,amexgold,dining,FOOD_AND_DRINK_RESTAURANT,coffee
399,6.41,Blue Bottle Coffee,amexgold,dining,FOOD_AND_DRINK_RESTAURANT,coffee
402,8.26,Blue Bottle Coffee,amexgold,dining,FOOD_AND_DRINK_RESTAURANT,coffee
407,7.46,Blue Bottle Coffee,amexgold,dining,FOOD_AND_DRINK_RESTAURANT,coffee
409,8.26,Blue Bottle Coffee,amexgold,dining,FOOD_AND_DRINK_RESTAURANT,coffee
413,8.04,Blue Bottle Coffee,amexgold,dining,FOOD_AND_DRINK_RESTAURANT,coffee
416,6.34,Blue Bottle Coffee,amexgold,dining,FOOD_AND_DRINK_RESTAURANT,coffee
420,7.04,Blue Bottle Coffee,amexgold,dining,FOOD_AND_DRINK_RESTAURANT,coffee
423,7.02,Blue Bottle Coffee,amexgold,dining,FOOD_AND_DRINK_RESTAURANT,coffee
2,14.39,Sweetgreen,amexgold,dining,FOOD_AND_DRINK_RESTAURANT,lunch
6,16.69,Sweetgreen,amexgold,dining,FOOD_AND_DRINK_RESTAURANT,lunch
10,15.74,Sweetgreen,amexgold,dining,FOOD_AND_DRINK_RESTAURANT,lunch
13,15.38,Sweetgreen,amexgold,dining,FOOD_AND_DRINK_RESTAURANT,lunch
17,16.98,Sweetgreen,amexgold,dining,FOOD_AND_DRINK_RESTAURANT,lunch
21,15.04,Sweetgreen,amexgold,dining,FOOD_AND_DRINK_RESTAURANT,lunch
25,15.71,Sweetgreen,amexgold,dining,FOOD_AND_DRINK_RESTAURANT,lunch
29,15.63,Sweetgreen,amexgold,dining,FOOD_AND_DRINK_RESTAURANT,lunch
31,15.51,Sweetgreen,amexgold,dining,FOOD_AND_DRINK_RESTAURANT,lunch
37,14.91,Sweetgreen,amexgold,dining,FOOD_AND_DRINK_RESTAURANT,lunch
40,15.22,Sweetgreen,amexgold,dining,FOOD_AND_DRINK_RESTAURANT,lunch
43,14.71,Sweetgreen,amexgold,dining,FOOD_AND_DRINK_RESTAURANT,lunch
48,14.06,Sweetgreen,amexgold,dining,FOOD_AND_DRINK_RESTAURANT,lunch
50,16.22,Sweetgreen,amexgold,dining,FOOD_AND_DRINK_RESTAURANT,lunch
54,14.64,Sweetgreen,amexgold,dining,FOOD_AND_DRINK_RESTAURANT,lunch
59,16.35,Sweetgreen,amexgold,dining,FOOD_AND_DRINK_RESTAURANT,lunch
63,15.82,Sweetgreen,amexgold,dining,FOOD_AND_DRINK_RESTAURANT,lunch
68,15.13,Sweetgreen,amexgold,dining,FOOD_AND_DRINK_RESTAURANT,lunch
71,16.77,Sweetgreen,amexgold,dining,FOOD_AND_DRINK_RESTAURANT,lunch
73,16.13,Sweetgreen,amexgold,dining,FOOD_AND_DRINK_RESTAURANT,lunch
77,14.39,Sweetgreen,amexgold,dining,FOOD_AND_DRINK_RESTAURANT,lunch
82,16.05,Sweetgreen,amexgold,dining,FOOD_AND_DRINK_RESTAURANT,lunch
85,16.76,Sweetgreen,amexgold,dining,FOOD_AND_DRINK_RESTAURANT,lunch
91,14.40,Sweetgreen,amexgold,dining,FOOD_AND_DRINK_RESTAURANT,lunch
94,15.15,Sweetgreen,amexgold,dining,FOOD_AND_DRINK_RESTAURANT,lunch
98,15.71,Sweetgreen,amexgold,dining,FOOD_AND_DRINK_RESTAURANT,lunch
102,16.90,Sweetgreen,amexgold,dining,FOOD_AND_DRINK_RESTAURANT,lunch
105,14.67,Sweetgreen,amexgold,dining,FOOD_AND_DRINK_RESTAURANT,lunch
108,16.14,Sweetgreen,amexgold,dining,FOOD_AND_DRINK_RESTAURANT,lunch
113,14.15,Sweetgreen,amexgold,dining,FOOD_AND_DRINK_RESTAURANT,lunch
117,14.37,Sweetgreen,amexgold,dining,FOOD_AND_DRINK_RESTAURANT,lunch
120,16.27,Sweetgreen,amexgold,dining,FOOD_AND_DRINK_RESTAURANT,lunch
124,16.85,Sweetgreen,amexgold,dining,FOOD_AND_DRINK_RESTAURANT,lunch
129,14.37,Sweetgreen,amexgold,dining,FOOD_AND_DRINK_RESTAURANT,lunch
130,14.51,Sweetgreen,amexgold,dining,FOOD_AND_DRINK_RESTAURANT,lunch
134,16.83,Sweetgreen,amexgold,dining,FOOD_AND_DRINK_RESTAURANT,lunch
138,15.95,Sweetgreen,amexgold,dining,FOOD_AND_DRINK_RESTAURANT,lunch
142,14.97,Sweetgreen,amexgold,dining,FOOD_AND_DRINK_RESTAURANT,lunch
148,16.27,Sweetgreen,amexgold,dining,FOOD_AND_DRINK_RESTAURANT,lunch
150,16.92,Sweetgreen,amexgold,dining,FOOD_AND_DRINK_RESTAURANT,lunch
154,16.42,Sweetgreen,amexgold,dining,FOOD_AND_DRINK_RESTAURANT,lunch
158,15.18,Sweetgreen,amexgold,dining,FOOD_AND_DRINK_RESTAURANT,lunch
161,16.70,Sweetgreen,amexgold,dining,FOOD_AND_DRINK_RESTAURANT,lunch
165,15.64,Sweetgreen,amexgold,dining,FOOD_AND_DRINK_RESTAURANT,lunch
169,16.02,Sweetgreen,amexgold,dining,FOOD_AND_DRINK_RESTAURANT,lunch
173,14.57,Sweetgreen,amexgold,dining,FOOD_AND_DRINK_RESTAURANT,lunch
178,14.84,Sweetgreen,amexgold,dining,FOOD_AND_DRINK_RESTAURANT,lunch
180,14.29,Sweetgreen,amexgold,dining,FOOD_AND_DRINK_RESTAURANT,lunch
186,15.20,Sweetgreen,amexgold,dining,FOOD_AND_DRINK_RESTAURANT,lunch
187,15.71,Sweetgreen,amexgold,dining,FOOD_AND_DRINK_RESTAURANT,lunch
192,14.60,Sweetgreen,amexgold,dining,FOOD_AND_DRINK_RESTAURANT,lunch
195,14.18,Sweetgreen,amexgold,dining,FOOD_AND_DRINK_RESTAURANT,lunch
200,16.74,Sweetgreen,amexgold,dining,FOOD_AND_DRINK_RESTAURANT,lunch
204,16.72,Sweetgreen,amexgold,dining,FOOD_AND_DRINK_RESTAURANT,lunch
207,15.04,Sweetgreen,amexgold,dining,FOOD_AND_DRINK_RESTAURANT,lunch
211,14.02,Sweetgreen,amexgold,dining,FOOD_AND_DRINK_RESTAURANT,lunch
215,15.66,Sweetgreen,amexgold,dining,FOOD_AND_DRINK_RESTAURANT,lunch
220,16.12,Sweetgreen,amexgold,dining,FOOD_AND_DRINK_RESTAURANT,lunch
223,16.87,Sweetgreen,amexgold,dining,FOOD_AND_DRINK_RESTAURANT,lunch
226,14.49,Sweetgreen,amexgold,dining,FOOD_AND_DRINK_RESTAURANT,lunch
229,14.39,Sweetgreen,amexgold,dining,FOOD_AND_DRINK_RESTAURANT,lunch
233,16.55,Sweetgreen,amexgold,dining,FOOD_AND_DRINK_RESTAURANT,lunch
237,14.39,Sweetgreen,amexgold,dining,FOOD_AND_DRINK_RESTAURANT,lunch
241,16.51,Sweetgreen,amexgold,dining,FOOD_AND_DRINK_RESTAURANT,lunch
247,14.06,Sweetgreen,amexgold,dining,FOOD_AND_DRINK_RESTAURANT,lunch
249,14.04,Sweetgreen,amexgold,dining,FOOD_AND_DRINK_RESTAURANT,lunch
252,16.41,Sweetgreen,amexgold,dining,FOOD_AND_DRINK_RESTAURANT,lunch
257,14.02,Sweetgreen,amexgold,dining,FOOD_AND_DRINK_RESTAURANT,lunch
260,14.09,Sweetgreen,amexgold,dining,FOOD_AND_DRINK_RESTAURANT,lunch
265,15.50,Sweetgreen,amexgold,dining,FOOD_AND_DRINK_RESTAURANT,lunch
267,16.60,Sweetgreen,amexgold,dining,FOOD_AND_DRINK_RESTAURANT,lunch
273,14.73,Sweetgreen,amexgold,dining,FOOD_AND_DRINK_RESTAURANT,lunch
276,14.34,Sweetgreen,amexgold,dining,FOOD_AND_DRINK_RESTAURANT,lunch
279,14.10,Sweetgreen,amexgold,dining,FOOD_AND_DRINK_RESTAURANT,lunch
284,16.27,Sweetgreen,amexgold,dining,FOOD_AND_DRINK_RESTAURANT,lunch
288,15.19,Sweetgreen,amexgold,dining,FOOD_AND_DRINK_RESTAURANT,lunch
292,15.41,Sweetgreen,amexgold,dining,FOOD_AND_DRINK_RESTAURANT,lunch
294,15.86,Sweetgreen,amexgold,dining,FOOD_AND_DRINK_RESTAURANT,lunch
299,15.99,Sweetgreen,amexgold,dining,FOOD_AND_DRINK_RESTAURANT,lunch
303,16.11,Sweetgreen,amexgold,dining,FOOD_AND_DRINK_RESTAURANT,lunch
306,15.21,Sweetgreen,amexgold,dining,FOOD_AND_DRINK_RESTAURANT,lunch
310,16.90,Sweetgreen,amexgold,dining,FOOD_AND_DRINK_RESTAURANT,lunch
313,15.91,Sweetgreen,amexgold,dining,FOOD_AND_DRINK_RESTAURANT,lunch
317,15.90,Sweetgreen,amexgold,dining,FOOD_AND_DRINK_RESTAURANT,lunch
321,15.89,Sweetgreen,amexgold,dining,FOOD_AND_DRINK_RESTAURANT,lunch
324,16.42,Sweetgreen,amexgold,dining,FOOD_AND_DRINK_RESTAURANT,lunch
330,14.59,Sweetgreen,amexgold,dining,FOOD_AND_DRINK_RESTAURANT,lunch
334,15.24,Sweetgreen,amexgold,dining,FOOD_AND_DRINK_RESTAURANT,lunch
337,14.63,Sweetgreen,amexgold,dining,FOOD_AND_DRINK_RESTAURANT,lunch
340,16.65,Sweetgreen,amexgold,dining,FOOD_AND_DRINK_RESTAURANT,lunch
343,15.54,Sweetgreen,amexgold,dining,FOOD_AND_DRINK_RESTAURANT,lunch
349,16.65,Sweetgreen,amexgold,dining,FOOD_AND_DRINK_RESTAURANT,lunch
351,16.72,Sweetgreen,amexgold,dining,FOOD_AND_DRINK_RESTAURANT,lunch
356,15.67,Sweetgreen,amexgold,dining,FOOD_AND_DRINK_RESTAURANT,lunch
360,15.05,Sweetgreen,amexgold,dining,FOOD_AND_DRINK_RESTAURANT,lunch
362,14.09,Sweetgreen,amexgold,dining,FOOD_AND_DRINK_RESTAURANT,lunch
366,14.18,Sweetgreen,amexgold,dining,FOOD_AND_DRINK_RESTAURANT,lunch
370,15.83,Sweetgreen,amexgold,dining,FOOD_AND_DRINK_RESTAURANT,lunch
375,14.74,Sweetgreen,amexgold,dining,FOOD_AND_DRINK_RESTAURANT,lunch
379,15.88,Sweetgreen,amexgold,dining,FOOD_AND_DRINK_RESTAURANT,lunch
384,16.79,Sweetgreen,amexgold,dining,FOOD_AND_DRINK_RESTAURANT,lunch
385,15.31,Sweetgreen,amexgold,dining,FOOD_AND_DRINK_RESTAURANT,lunch
389,16.10,Sweetgreen,amexgold,dining,FOOD_AND_DRINK_RESTAURANT,lunch
393,14.47,Sweetgreen,amexgold,dining,FOOD_AND_DRINK_RESTAURANT,lunch
398,14.78,Sweetgreen,amexgold,dining,FOOD_AND_DRINK_RESTAURANT,lunch
401,15.98,Sweetgreen,amexgold,dining,FOOD_AND_DRINK_RESTAURANT,lunch
404,14.71,Sweetgreen,amexgold,dining,FOOD_AND_DRINK_RESTAURANT,lunch
408,14.04,Sweetgreen,amexgold,dining,FOOD_AND_DRINK_RESTAURANT,lunch
412,14.17,Sweetgreen,amexgold,dining,FOOD_AND_DRINK_RESTAURANT,lunch
416,15.55,Sweetgreen,amexgold,dining,FOOD_AND_DRINK_RESTAURANT,lunch
420,16.91,Sweetgreen,amexgold,dining,FOOD_AND_DRINK_RESTAURANT,lunch
425,16.14,Sweetgreen,amexgold,dining,FOOD_AND_DRINK_RESTAURANT,lunch
21,240.00,Nordstrom,sofi2,shopping,GENERAL_MERCHANDISE_CLOTHING_AND_ACCESSORIES,apparel
50,128.00,Lululemon,sofi2,shopping,GENERAL_MERCHANDISE_CLOTHING_AND_ACCESSORIES,apparel
35,210.00,Ticketmaster,sofi2,entertainment,ENTERTAINMENT_MUSIC_AND_AUDIO,tickets
12,95.00,Seattle Symphony,sofi2,entertainment,ENTERTAINMENT_MUSIC_AND_AUDIO,tickets
126,640.00,JetBlue,csp,travel,TRAVEL_FLIGHTS,trip|flight
93,980.00,Airbnb,csp,travel,TRAVEL_FLIGHTS,trip|stay
91,110.21,Cervejaria Ramiro,csp,dining,FOOD_AND_DRINK_RESTAURANT,trip|food
90,150.84,Time Out Market,csp,dining,FOOD_AND_DRINK_RESTAURANT,trip|food
89,124.34,A Cevicheria,csp,dining,FOOD_AND_DRINK_RESTAURANT,trip|food
88,174.60,Manteigaria,csp,dining,FOOD_AND_DRINK_RESTAURANT,trip|food
91,114.64,Metro Lisboa,csp,transport,TRANSPORTATION_TAXIS_AND_RIDE_SHARES,trip|local
90,152.46,Bolt,csp,transport,TRANSPORTATION_TAXIS_AND_RIDE_SHARES,trip|local
89,92.91,Uber,csp,transport,TRANSPORTATION_TAXIS_AND_RIDE_SHARES,trip|local
425,14.23,Le Panier,sofi2,dining,FOOD_AND_DRINK_RESTAURANT,
424,28.23,Tamarind Tree,amexgold,dining,FOOD_AND_DRINK_RESTAURANT,
423,16.16,Paseo,sofi2,dining,FOOD_AND_DRINK_RESTAURANT,
422,45.90,Din Tai Fung,amexgold,dining,FOOD_AND_DRINK_RESTAURANT,
421,18.29,Le Panier,csp,dining,FOOD_AND_DRINK_RESTAURANT,
420,20.69,Salumi,csp,dining,FOOD_AND_DRINK_RESTAURANT,
420,24.46,Musashi's,sofi2,dining,FOOD_AND_DRINK_RESTAURANT,
419,20.53,Le Panier,amexgold,dining,FOOD_AND_DRINK_RESTAURANT,
418,14.71,Ba Bar,sofi2,dining,FOOD_AND_DRINK_RESTAURANT,
418,16.38,Piroshky Piroshky,amexgold,dining,FOOD_AND_DRINK_RESTAURANT,
417,16.85,Storyville Coffee,sofi2,dining,FOOD_AND_DRINK_RESTAURANT,
416,15.66,Un Bien,csp,dining,FOOD_AND_DRINK_RESTAURANT,
416,18.46,Musashi's,sofi2,dining,FOOD_AND_DRINK_RESTAURANT,
415,13.03,Homegrown,amexgold,dining,FOOD_AND_DRINK_RESTAURANT,
414,46.04,Salumi,amexgold,dining,FOOD_AND_DRINK_RESTAURANT,
413,24.88,Piroshky Piroshky,amexgold,dining,FOOD_AND_DRINK_RESTAURANT,
411,37.76,Pike Place Chowder,amexgold,dining,FOOD_AND_DRINK_RESTAURANT,
410,33.38,Din Tai Fung,amexgold,dining,FOOD_AND_DRINK_RESTAURANT,
409,13.81,Din Tai Fung,amexgold,dining,FOOD_AND_DRINK_RESTAURANT,
408,44.79,Kedai Makan,sofi2,dining,FOOD_AND_DRINK_RESTAURANT,
407,28.03,Ba Bar,sofi2,dining,FOOD_AND_DRINK_RESTAURANT,
406,15.11,Din Tai Fung,csp,dining,FOOD_AND_DRINK_RESTAURANT,
405,13.10,Piroshky Piroshky,csp,dining,FOOD_AND_DRINK_RESTAURANT,
405,15.55,Tamarind Tree,sofi2,dining,FOOD_AND_DRINK_RESTAURANT,
404,21.04,Kedai Makan,sofi2,dining,FOOD_AND_DRINK_RESTAURANT,
404,13.35,Paseo,csp,dining,FOOD_AND_DRINK_RESTAURANT,
403,12.61,Musashi's,sofi2,dining,FOOD_AND_DRINK_RESTAURANT,
402,37.69,Musashi's,csp,dining,FOOD_AND_DRINK_RESTAURANT,
401,19.85,Salumi,csp,dining,FOOD_AND_DRINK_RESTAURANT,
400,47.83,Salumi,amexgold,dining,FOOD_AND_DRINK_RESTAURANT,
398,16.55,Un Bien,amexgold,dining,FOOD_AND_DRINK_RESTAURANT,
397,33.76,Le Panier,csp,dining,FOOD_AND_DRINK_RESTAURANT,
396,17.59,Tamarind Tree,sofi2,dining,FOOD_AND_DRINK_RESTAURANT,
396,19.62,Piroshky Piroshky,amexgold,dining,FOOD_AND_DRINK_RESTAURANT,
395,12.62,Paseo,amexgold,dining,FOOD_AND_DRINK_RESTAURANT,
395,25.95,Musashi's,sofi2,dining,FOOD_AND_DRINK_RESTAURANT,
393,38.86,Tamarind Tree,csp,dining,FOOD_AND_DRINK_RESTAURANT,
392,18.56,Piroshky Piroshky,amexgold,dining,FOOD_AND_DRINK_RESTAURANT,
391,37.09,Salumi,csp,dining,FOOD_AND_DRINK_RESTAURANT,
390,12.89,Paseo,csp,dining,FOOD_AND_DRINK_RESTAURANT,
389,32.34,Un Bien,csp,dining,FOOD_AND_DRINK_RESTAURANT,
388,45.18,Tamarind Tree,sofi2,dining,FOOD_AND_DRINK_RESTAURANT,
387,19.11,Molly Moon's,csp,dining,FOOD_AND_DRINK_RESTAURANT,
386,33.13,Paseo,sofi2,dining,FOOD_AND_DRINK_RESTAURANT,
385,12.61,Homegrown,csp,dining,FOOD_AND_DRINK_RESTAURANT,
384,28.95,Musashi's,csp,dining,FOOD_AND_DRINK_RESTAURANT,
383,24.88,Pike Place Chowder,sofi2,dining,FOOD_AND_DRINK_RESTAURANT,
382,12.60,Molly Moon's,sofi2,dining,FOOD_AND_DRINK_RESTAURANT,
381,23.87,Ba Bar,amexgold,dining,FOOD_AND_DRINK_RESTAURANT,
381,13.49,Paseo,amexgold,dining,FOOD_AND_DRINK_RESTAURANT,
380,19.77,Musashi's,amexgold,dining,FOOD_AND_DRINK_RESTAURANT,
379,12.94,Homegrown,sofi2,dining,FOOD_AND_DRINK_RESTAURANT,
379,28.58,Storyville Coffee,amexgold,dining,FOOD_AND_DRINK_RESTAURANT,
378,13.57,Din Tai Fung,csp,dining,FOOD_AND_DRINK_RESTAURANT,
377,46.13,Pike Place Chowder,amexgold,dining,FOOD_AND_DRINK_RESTAURANT,
376,16.41,Un Bien,amexgold,dining,FOOD_AND_DRINK_RESTAURANT,
375,21.09,Kedai Makan,csp,dining,FOOD_AND_DRINK_RESTAURANT,
374,19.47,Tamarind Tree,csp,dining,FOOD_AND_DRINK_RESTAURANT,
373,20.84,Le Panier,csp,dining,FOOD_AND_DRINK_RESTAURANT,
373,13.62,Kedai Makan,csp,dining,FOOD_AND_DRINK_RESTAURANT,
372,14.56,Salumi,amexgold,dining,FOOD_AND_DRINK_RESTAURANT,
372,23.80,Molly Moon's,sofi2,dining,FOOD_AND_DRINK_RESTAURANT,
371,14.05,Ba Bar,sofi2,dining,FOOD_AND_DRINK_RESTAURANT,
370,25.48,Le Panier,csp,dining,FOOD_AND_DRINK_RESTAURANT,
369,39.32,Homegrown,amexgold,dining,FOOD_AND_DRINK_RESTAURANT,
367,47.06,Ba Bar,amexgold,dining,FOOD_AND_DRINK_RESTAURANT,
366,12.92,Tamarind Tree,amexgold,dining,FOOD_AND_DRINK_RESTAURANT,
365,29.93,Pike Place Chowder,csp,dining,FOOD_AND_DRINK_RESTAURANT,
364,24.24,Ba Bar,sofi2,dining,FOOD_AND_DRINK_RESTAURANT,
364,18.56,Tamarind Tree,sofi2,dining,FOOD_AND_DRINK_RESTAURANT,
363,13.48,Paseo,sofi2,dining,FOOD_AND_DRINK_RESTAURANT,
362,39.99,Le Panier,csp,dining,FOOD_AND_DRINK_RESTAURANT,
361,16.94,Le Panier,sofi2,dining,FOOD_AND_DRINK_RESTAURANT,
360,33.05,Kedai Makan,amexgold,dining,FOOD_AND_DRINK_RESTAURANT,
359,15.20,Pike Place Chowder,amexgold,dining,FOOD_AND_DRINK_RESTAURANT,
358,20.52,Pike Place Chowder,csp,dining,FOOD_AND_DRINK_RESTAURANT,
356,42.93,Salumi,amexgold,dining,FOOD_AND_DRINK_RESTAURANT,
354,28.97,Pike Place Chowder,csp,dining,FOOD_AND_DRINK_RESTAURANT,
353,46.25,Salumi,amexgold,dining,FOOD_AND_DRINK_RESTAURANT,
351,49.47,Ba Bar,amexgold,dining,FOOD_AND_DRINK_RESTAURANT,
349,15.78,Molly Moon's,sofi2,dining,FOOD_AND_DRINK_RESTAURANT,
347,45.98,Homegrown,amexgold,dining,FOOD_AND_DRINK_RESTAURANT,
346,12.89,Din Tai Fung,csp,dining,FOOD_AND_DRINK_RESTAURANT,
346,13.37,Molly Moon's,sofi2,dining,FOOD_AND_DRINK_RESTAURANT,
345,33.59,Musashi's,amexgold,dining,FOOD_AND_DRINK_RESTAURANT,
343,30.01,Le Panier,sofi2,dining,FOOD_AND_DRINK_RESTAURANT,
342,15.62,Homegrown,amexgold,dining,FOOD_AND_DRINK_RESTAURANT,
341,17.37,Molly Moon's,amexgold,dining,FOOD_AND_DRINK_RESTAURANT,
340,22.72,Tamarind Tree,csp,dining,FOOD_AND_DRINK_RESTAURANT,
339,40.58,Le Panier,sofi2,dining,FOOD_AND_DRINK_RESTAURANT,
338,15.93,Storyville Coffee,csp,dining,FOOD_AND_DRINK_RESTAURANT,
337,20.62,Kedai Makan,amexgold,dining,FOOD_AND_DRINK_RESTAURANT,
335,32.84,Ba Bar,sofi2,dining,FOOD_AND_DRINK_RESTAURANT,
334,15.80,Salumi,amexgold,dining,FOOD_AND_DRINK_RESTAURANT,
333,30.41,Ba Bar,sofi2,dining,FOOD_AND_DRINK_RESTAURANT,
332,16.75,Tamarind Tree,csp,dining,FOOD_AND_DRINK_RESTAURANT,
331,42.58,Paseo,csp,dining,FOOD_AND_DRINK_RESTAURANT,
329,41.42,Paseo,amexgold,dining,FOOD_AND_DRINK_RESTAURANT,
328,22.90,Salumi,amexgold,dining,FOOD_AND_DRINK_RESTAURANT,
327,22.02,Ba Bar,csp,dining,FOOD_AND_DRINK_RESTAURANT,
326,13.62,Din Tai Fung,amexgold,dining,FOOD_AND_DRINK_RESTAURANT,
326,13.27,Ba Bar,sofi2,dining,FOOD_AND_DRINK_RESTAURANT,
325,25.36,Tamarind Tree,csp,dining,FOOD_AND_DRINK_RESTAURANT,
324,12.75,Piroshky Piroshky,amexgold,dining,FOOD_AND_DRINK_RESTAURANT,
324,20.27,Salumi,amexgold,dining,FOOD_AND_DRINK_RESTAURANT,
322,46.05,Salumi,amexgold,dining,FOOD_AND_DRINK_RESTAURANT,
320,42.91,Tamarind Tree,amexgold,dining,FOOD_AND_DRINK_RESTAURANT,
319,49.04,Salumi,amexgold,dining,FOOD_AND_DRINK_RESTAURANT,
317,38.82,Pike Place Chowder,sofi2,dining,FOOD_AND_DRINK_RESTAURANT,
315,36.37,Molly Moon's,sofi2,dining,FOOD_AND_DRINK_RESTAURANT,
314,36.50,Piroshky Piroshky,csp,dining,FOOD_AND_DRINK_RESTAURANT,
313,16.92,Storyville Coffee,amexgold,dining,FOOD_AND_DRINK_RESTAURANT,
312,12.62,Pike Place Chowder,csp,dining,FOOD_AND_DRINK_RESTAURANT,
311,15.03,Din Tai Fung,csp,dining,FOOD_AND_DRINK_RESTAURANT,
310,28.50,Tamarind Tree,sofi2,dining,FOOD_AND_DRINK_RESTAURANT,
309,19.62,Din Tai Fung,amexgold,dining,FOOD_AND_DRINK_RESTAURANT,
309,13.49,Kedai Makan,amexgold,dining,FOOD_AND_DRINK_RESTAURANT,
308,25.43,Un Bien,sofi2,dining,FOOD_AND_DRINK_RESTAURANT,
307,39.21,Din Tai Fung,sofi2,dining,FOOD_AND_DRINK_RESTAURANT,
306,12.60,Musashi's,sofi2,dining,FOOD_AND_DRINK_RESTAURANT,
305,14.57,Din Tai Fung,sofi2,dining,FOOD_AND_DRINK_RESTAURANT,
304,22.16,Paseo,csp,dining,FOOD_AND_DRINK_RESTAURANT,
303,29.43,Homegrown,csp,dining,FOOD_AND_DRINK_RESTAURANT,
302,36.52,Le Panier,csp,dining,FOOD_AND_DRINK_RESTAURANT,
301,36.28,Le Panier,amexgold,dining,FOOD_AND_DRINK_RESTAURANT,
299,14.38,Pike Place Chowder,amexgold,dining,FOOD_AND_DRINK_RESTAURANT,
298,37.93,Ba Bar,sofi2,dining,FOOD_AND_DRINK_RESTAURANT,
297,25.42,Un Bien,sofi2,dining,FOOD_AND_DRINK_RESTAURANT,
296,44.47,Un Bien,sofi2,dining,FOOD_AND_DRINK_RESTAURANT,
294,12.62,Din Tai Fung,amexgold,dining,FOOD_AND_DRINK_RESTAURANT,
294,18.20,Molly Moon's,amexgold,dining,FOOD_AND_DRINK_RESTAURANT,
292,14.72,Pike Place Chowder,sofi2,dining,FOOD_AND_DRINK_RESTAURANT,
291,45.80,Un Bien,sofi2,dining,FOOD_AND_DRINK_RESTAURANT,
290,12.62,Kedai Makan,amexgold,dining,FOOD_AND_DRINK_RESTAURANT,
289,14.61,Molly Moon's,csp,dining,FOOD_AND_DRINK_RESTAURANT,
288,48.67,Kedai Makan,sofi2,dining,FOOD_AND_DRINK_RESTAURANT,
286,24.27,Storyville Coffee,sofi2,dining,FOOD_AND_DRINK_RESTAURANT,
286,12.67,Le Panier,sofi2,dining,FOOD_AND_DRINK_RESTAURANT,
285,19.08,Pike Place Chowder,sofi2,dining,FOOD_AND_DRINK_RESTAURANT,
283,38.01,Homegrown,sofi2,dining,FOOD_AND_DRINK_RESTAURANT,
282,16.48,Ba Bar,amexgold,dining,FOOD_AND_DRINK_RESTAURANT,
281,37.54,Piroshky Piroshky,sofi2,dining,FOOD_AND_DRINK_RESTAURANT,
280,12.92,Tamarind Tree,csp,dining,FOOD_AND_DRINK_RESTAURANT,
280,13.27,Pike Place Chowder,sofi2,dining,FOOD_AND_DRINK_RESTAURANT,
278,36.59,Kedai Makan,csp,dining,FOOD_AND_DRINK_RESTAURANT,
277,39.87,Kedai Makan,sofi2,dining,FOOD_AND_DRINK_RESTAURANT,
275,31.17,Un Bien,csp,dining,FOOD_AND_DRINK_RESTAURANT,
274,25.50,Un Bien,sofi2,dining,FOOD_AND_DRINK_RESTAURANT,
272,33.73,Salumi,amexgold,dining,FOOD_AND_DRINK_RESTAURANT,
271,28.08,Musashi's,csp,dining,FOOD_AND_DRINK_RESTAURANT,
270,38.24,Piroshky Piroshky,sofi2,dining,FOOD_AND_DRINK_RESTAURANT,
268,25.44,Un Bien,amexgold,dining,FOOD_AND_DRINK_RESTAURANT,
267,13.30,Le Panier,amexgold,dining,FOOD_AND_DRINK_RESTAURANT,
267,16.10,Storyville Coffee,csp,dining,FOOD_AND_DRINK_RESTAURANT,
265,40.37,Homegrown,csp,dining,FOOD_AND_DRINK_RESTAURANT,
263,41.39,Ba Bar,sofi2,dining,FOOD_AND_DRINK_RESTAURANT,
262,14.67,Ba Bar,csp,dining,FOOD_AND_DRINK_RESTAURANT,
262,13.68,Un Bien,amexgold,dining,FOOD_AND_DRINK_RESTAURANT,
260,49.40,Paseo,amexgold,dining,FOOD_AND_DRINK_RESTAURANT,
258,17.03,Kedai Makan,sofi2,dining,FOOD_AND_DRINK_RESTAURANT,
258,15.70,Un Bien,amexgold,dining,FOOD_AND_DRINK_RESTAURANT,
256,40.22,Storyville Coffee,csp,dining,FOOD_AND_DRINK_RESTAURANT,
255,16.49,Homegrown,csp,dining,FOOD_AND_DRINK_RESTAURANT,
254,13.15,Paseo,amexgold,dining,FOOD_AND_DRINK_RESTAURANT,
254,12.95,Paseo,csp,dining,FOOD_AND_DRINK_RESTAURANT,
253,15.63,Ba Bar,csp,dining,FOOD_AND_DRINK_RESTAURANT,
252,41.33,Le Panier,sofi2,dining,FOOD_AND_DRINK_RESTAURANT,
250,19.19,Pike Place Chowder,sofi2,dining,FOOD_AND_DRINK_RESTAURANT,
249,21.13,Homegrown,amexgold,dining,FOOD_AND_DRINK_RESTAURANT,
248,27.07,Paseo,sofi2,dining,FOOD_AND_DRINK_RESTAURANT,
247,17.50,Homegrown,csp,dining,FOOD_AND_DRINK_RESTAURANT,
246,20.52,Din Tai Fung,sofi2,dining,FOOD_AND_DRINK_RESTAURANT,
244,45.07,Din Tai Fung,amexgold,dining,FOOD_AND_DRINK_RESTAURANT,
243,19.34,Storyville Coffee,csp,dining,FOOD_AND_DRINK_RESTAURANT,
242,35.18,Storyville Coffee,amexgold,dining,FOOD_AND_DRINK_RESTAURANT,
241,21.55,Un Bien,amexgold,dining,FOOD_AND_DRINK_RESTAURANT,
240,13.09,Tamarind Tree,amexgold,dining,FOOD_AND_DRINK_RESTAURANT,
239,12.77,Musashi's,amexgold,dining,FOOD_AND_DRINK_RESTAURANT,
238,42.94,Din Tai Fung,amexgold,dining,FOOD_AND_DRINK_RESTAURANT,
236,29.04,Piroshky Piroshky,amexgold,dining,FOOD_AND_DRINK_RESTAURANT,
235,41.40,Piroshky Piroshky,csp,dining,FOOD_AND_DRINK_RESTAURANT,
234,23.60,Homegrown,csp,dining,FOOD_AND_DRINK_RESTAURANT,
233,26.71,Kedai Makan,amexgold,dining,FOOD_AND_DRINK_RESTAURANT,
231,46.03,Kedai Makan,csp,dining,FOOD_AND_DRINK_RESTAURANT,
230,12.72,Le Panier,amexgold,dining,FOOD_AND_DRINK_RESTAURANT,
229,12.61,Kedai Makan,amexgold,dining,FOOD_AND_DRINK_RESTAURANT,
228,16.21,Le Panier,csp,dining,FOOD_AND_DRINK_RESTAURANT,
227,42.50,Salumi,sofi2,dining,FOOD_AND_DRINK_RESTAURANT,
226,13.44,Ba Bar,sofi2,dining,FOOD_AND_DRINK_RESTAURANT,
225,14.50,Kedai Makan,sofi2,dining,FOOD_AND_DRINK_RESTAURANT,
225,17.32,Un Bien,sofi2,dining,FOOD_AND_DRINK_RESTAURANT,
224,31.51,Piroshky Piroshky,sofi2,dining,FOOD_AND_DRINK_RESTAURANT,
222,18.24,Storyville Coffee,amexgold,dining,FOOD_AND_DRINK_RESTAURANT,
221,33.93,Kedai Makan,sofi2,dining,FOOD_AND_DRINK_RESTAURANT,
220,28.97,Homegrown,sofi2,dining,FOOD_AND_DRINK_RESTAURANT,
219,19.94,Le Panier,amexgold,dining,FOOD_AND_DRINK_RESTAURANT,
218,19.43,Musashi's,amexgold,dining,FOOD_AND_DRINK_RESTAURANT,
217,21.54,Salumi,csp,dining,FOOD_AND_DRINK_RESTAURANT,
217,15.89,Molly Moon's,amexgold,dining,FOOD_AND_DRINK_RESTAURANT,
215,41.39,Din Tai Fung,amexgold,dining,FOOD_AND_DRINK_RESTAURANT,
214,18.78,Storyville Coffee,amexgold,dining,FOOD_AND_DRINK_RESTAURANT,
213,12.69,Ba Bar,amexgold,dining,FOOD_AND_DRINK_RESTAURANT,
212,35.61,Tamarind Tree,csp,dining,FOOD_AND_DRINK_RESTAURANT,
210,40.30,Molly Moon's,csp,dining,FOOD_AND_DRINK_RESTAURANT,
209,14.01,Molly Moon's,sofi2,dining,FOOD_AND_DRINK_RESTAURANT,
209,13.31,Le Panier,csp,dining,FOOD_AND_DRINK_RESTAURANT,
209,13.66,Salumi,sofi2,dining,FOOD_AND_DRINK_RESTAURANT,
208,30.80,Un Bien,sofi2,dining,FOOD_AND_DRINK_RESTAURANT,
207,14.06,Salumi,amexgold,dining,FOOD_AND_DRINK_RESTAURANT,
206,21.90,Un Bien,csp,dining,FOOD_AND_DRINK_RESTAURANT,
206,16.87,Piroshky Piroshky,amexgold,dining,FOOD_AND_DRINK_RESTAURANT,
205,17.40,Musashi's,amexgold,dining,FOOD_AND_DRINK_RESTAURANT,
204,18.66,Un Bien,sofi2,dining,FOOD_AND_DRINK_RESTAURANT,
204,15.23,Le Panier,amexgold,dining,FOOD_AND_DRINK_RESTAURANT,
203,25.88,Un Bien,sofi2,dining,FOOD_AND_DRINK_RESTAURANT,
202,25.96,Paseo,sofi2,dining,FOOD_AND_DRINK_RESTAURANT,
201,15.15,Le Panier,csp,dining,FOOD_AND_DRINK_RESTAURANT,
201,13.80,Kedai Makan,csp,dining,FOOD_AND_DRINK_RESTAURANT,
199,44.07,Musashi's,amexgold,dining,FOOD_AND_DRINK_RESTAURANT,
198,14.90,Musashi's,csp,dining,FOOD_AND_DRINK_RESTAURANT,
198,31.38,Din Tai Fung,sofi2,dining,FOOD_AND_DRINK_RESTAURANT,
197,12.88,Piroshky Piroshky,csp,dining,FOOD_AND_DRINK_RESTAURANT,
196,39.83,Molly Moon's,sofi2,dining,FOOD_AND_DRINK_RESTAURANT,
195,12.60,Salumi,amexgold,dining,FOOD_AND_DRINK_RESTAURANT,
195,13.67,Molly Moon's,amexgold,dining,FOOD_AND_DRINK_RESTAURANT,
194,12.60,Le Panier,sofi2,dining,FOOD_AND_DRINK_RESTAURANT,
193,47.85,Paseo,amexgold,dining,FOOD_AND_DRINK_RESTAURANT,
192,23.89,Kedai Makan,sofi2,dining,FOOD_AND_DRINK_RESTAURANT,
191,22.45,Musashi's,sofi2,dining,FOOD_AND_DRINK_RESTAURANT,
190,40.38,Molly Moon's,csp,dining,FOOD_AND_DRINK_RESTAURANT,
188,43.03,Le Panier,sofi2,dining,FOOD_AND_DRINK_RESTAURANT,
187,30.74,Kedai Makan,amexgold,dining,FOOD_AND_DRINK_RESTAURANT,
186,13.81,Tamarind Tree,sofi2,dining,FOOD_AND_DRINK_RESTAURANT,
185,13.61,Salumi,csp,dining,FOOD_AND_DRINK_RESTAURANT,
185,20.44,Un Bien,csp,dining,FOOD_AND_DRINK_RESTAURANT,
183,46.07,Homegrown,amexgold,dining,FOOD_AND_DRINK_RESTAURANT,
183,12.60,Un Bien,amexgold,dining,FOOD_AND_DRINK_RESTAURANT,
182,43.61,Storyville Coffee,csp,dining,FOOD_AND_DRINK_RESTAURANT,
181,27.09,Salumi,csp,dining,FOOD_AND_DRINK_RESTAURANT,
180,19.23,Kedai Makan,csp,dining,FOOD_AND_DRINK_RESTAURANT,
179,12.68,Kedai Makan,csp,dining,FOOD_AND_DRINK_RESTAURANT,
178,13.65,Pike Place Chowder,csp,dining,FOOD_AND_DRINK_RESTAURANT,
178,15.55,Salumi,amexgold,dining,FOOD_AND_DRINK_RESTAURANT,
177,17.31,Le Panier,csp,dining,FOOD_AND_DRINK_RESTAURANT,
176,22.80,Pike Place Chowder,sofi2,dining,FOOD_AND_DRINK_RESTAURANT,
176,34.22,Kedai Makan,amexgold,dining,FOOD_AND_DRINK_RESTAURANT,
175,34.73,Musashi's,sofi2,dining,FOOD_AND_DRINK_RESTAURANT,
174,16.50,Pike Place Chowder,csp,dining,FOOD_AND_DRINK_RESTAURANT,
173,12.90,Piroshky Piroshky,sofi2,dining,FOOD_AND_DRINK_RESTAURANT,
173,12.68,Din Tai Fung,sofi2,dining,FOOD_AND_DRINK_RESTAURANT,
172,45.35,Le Panier,amexgold,dining,FOOD_AND_DRINK_RESTAURANT,
171,13.46,Piroshky Piroshky,sofi2,dining,FOOD_AND_DRINK_RESTAURANT,
170,39.23,Molly Moon's,amexgold,dining,FOOD_AND_DRINK_RESTAURANT,
168,24.81,Pike Place Chowder,sofi2,dining,FOOD_AND_DRINK_RESTAURANT,
167,39.96,Ba Bar,amexgold,dining,FOOD_AND_DRINK_RESTAURANT,
166,12.61,Din Tai Fung,sofi2,dining,FOOD_AND_DRINK_RESTAURANT,
166,26.73,Ba Bar,amexgold,dining,FOOD_AND_DRINK_RESTAURANT,
164,42.74,Tamarind Tree,csp,dining,FOOD_AND_DRINK_RESTAURANT,
163,17.91,Molly Moon's,sofi2,dining,FOOD_AND_DRINK_RESTAURANT,
163,12.65,Tamarind Tree,amexgold,dining,FOOD_AND_DRINK_RESTAURANT,
162,13.36,Tamarind Tree,sofi2,dining,FOOD_AND_DRINK_RESTAURANT,
162,17.80,Paseo,csp,dining,FOOD_AND_DRINK_RESTAURANT,
161,42.03,Homegrown,sofi2,dining,FOOD_AND_DRINK_RESTAURANT,
160,13.29,Paseo,sofi2,dining,FOOD_AND_DRINK_RESTAURANT,
159,24.85,Kedai Makan,sofi2,dining,FOOD_AND_DRINK_RESTAURANT,
158,16.00,Musashi's,amexgold,dining,FOOD_AND_DRINK_RESTAURANT,
157,47.12,Pike Place Chowder,amexgold,dining,FOOD_AND_DRINK_RESTAURANT,
156,22.02,Salumi,amexgold,dining,FOOD_AND_DRINK_RESTAURANT,
155,29.57,Paseo,csp,dining,FOOD_AND_DRINK_RESTAURANT,
154,32.57,Salumi,csp,dining,FOOD_AND_DRINK_RESTAURANT,
153,21.72,Musashi's,sofi2,dining,FOOD_AND_DRINK_RESTAURANT,
152,14.21,Kedai Makan,amexgold,dining,FOOD_AND_DRINK_RESTAURANT,
151,32.67,Ba Bar,csp,dining,FOOD_AND_DRINK_RESTAURANT,
150,19.26,Tamarind Tree,sofi2,dining,FOOD_AND_DRINK_RESTAURANT,
149,12.60,Pike Place Chowder,csp,dining,FOOD_AND_DRINK_RESTAURANT,
149,12.64,Molly Moon's,csp,dining,FOOD_AND_DRINK_RESTAURANT,
148,13.76,Kedai Makan,csp,dining,FOOD_AND_DRINK_RESTAURANT,
147,12.61,Homegrown,amexgold,dining,FOOD_AND_DRINK_RESTAURANT,
147,18.74,Le Panier,sofi2,dining,FOOD_AND_DRINK_RESTAURANT,
145,44.04,Pike Place Chowder,amexgold,dining,FOOD_AND_DRINK_RESTAURANT,
144,34.92,Homegrown,amexgold,dining,FOOD_AND_DRINK_RESTAURANT,
143,12.68,Kedai Makan,amexgold,dining,FOOD_AND_DRINK_RESTAURANT,
141,45.78,Din Tai Fung,sofi2,dining,FOOD_AND_DRINK_RESTAURANT,
140,15.45,Salumi,csp,dining,FOOD_AND_DRINK_RESTAURANT,
139,15.24,Le Panier,sofi2,dining,FOOD_AND_DRINK_RESTAURANT,
139,13.58,Paseo,csp,dining,FOOD_AND_DRINK_RESTAURANT,
138,35.57,Piroshky Piroshky,sofi2,dining,FOOD_AND_DRINK_RESTAURANT,
136,39.03,Piroshky Piroshky,csp,dining,FOOD_AND_DRINK_RESTAURANT,
135,22.64,Le Panier,csp,dining,FOOD_AND_DRINK_RESTAURANT,
133,30.48,Salumi,amexgold,dining,FOOD_AND_DRINK_RESTAURANT,
132,13.80,Paseo,amexgold,dining,FOOD_AND_DRINK_RESTAURANT,
132,12.69,Piroshky Piroshky,sofi2,dining,FOOD_AND_DRINK_RESTAURANT,
130,41.05,Homegrown,csp,dining,FOOD_AND_DRINK_RESTAURANT,
129,13.80,Paseo,amexgold,dining,FOOD_AND_DRINK_RESTAURANT,
127,48.98,Storyville Coffee,amexgold,dining,FOOD_AND_DRINK_RESTAURANT,
126,19.54,Tamarind Tree,sofi2,dining,FOOD_AND_DRINK_RESTAURANT,
124,45.43,Molly Moon's,sofi2,dining,FOOD_AND_DRINK_RESTAURANT,
123,13.04,Storyville Coffee,sofi2,dining,FOOD_AND_DRINK_RESTAURANT,
122,28.40,Storyville Coffee,sofi2,dining,FOOD_AND_DRINK_RESTAURANT,
121,22.73,Musashi's,amexgold,dining,FOOD_AND_DRINK_RESTAURANT,
120,25.33,Piroshky Piroshky,amexgold,dining,FOOD_AND_DRINK_RESTAURANT,
118,44.08,Molly Moon's,sofi2,dining,FOOD_AND_DRINK_RESTAURANT,
117,14.09,Storyville Coffee,csp,dining,FOOD_AND_DRINK_RESTAURANT,
116,19.28,Tamarind Tree,amexgold,dining,FOOD_AND_DRINK_RESTAURANT,
115,12.62,Kedai Makan,amexgold,dining,FOOD_AND_DRINK_RESTAURANT,
115,15.21,Piroshky Piroshky,sofi2,dining,FOOD_AND_DRINK_RESTAURANT,
114,46.38,Homegrown,amexgold,dining,FOOD_AND_DRINK_RESTAURANT,
112,30.57,Homegrown,sofi2,dining,FOOD_AND_DRINK_RESTAURANT,
111,13.03,Le Panier,sofi2,dining,FOOD_AND_DRINK_RESTAURANT,
111,12.99,Pike Place Chowder,amexgold,dining,FOOD_AND_DRINK_RESTAURANT,
110,40.30,Ba Bar,csp,dining,FOOD_AND_DRINK_RESTAURANT,
108,23.93,Pike Place Chowder,sofi2,dining,FOOD_AND_DRINK_RESTAURANT,
107,44.59,Le Panier,amexgold,dining,FOOD_AND_DRINK_RESTAURANT,
105,26.61,Kedai Makan,amexgold,dining,FOOD_AND_DRINK_RESTAURANT,
104,29.03,Tamarind Tree,sofi2,dining,FOOD_AND_DRINK_RESTAURANT,
102,46.65,Paseo,sofi2,dining,FOOD_AND_DRINK_RESTAURANT,
101,14.23,Un Bien,amexgold,dining,FOOD_AND_DRINK_RESTAURANT,
100,20.34,Din Tai Fung,amexgold,dining,FOOD_AND_DRINK_RESTAURANT,
99,25.31,Piroshky Piroshky,sofi2,dining,FOOD_AND_DRINK_RESTAURANT,
98,12.70,Homegrown,csp,dining,FOOD_AND_DRINK_RESTAURANT,
98,13.14,Un Bien,csp,dining,FOOD_AND_DRINK_RESTAURANT,
97,39.61,Pike Place Chowder,sofi2,dining,FOOD_AND_DRINK_RESTAURANT,
95,43.92,Kedai Makan,sofi2,dining,FOOD_AND_DRINK_RESTAURANT,
94,16.47,Le Panier,amexgold,dining,FOOD_AND_DRINK_RESTAURANT,
73,13.41,Kedai Makan,amexgold,dining,FOOD_AND_DRINK_RESTAURANT,
72,18.68,Storyville Coffee,amexgold,dining,FOOD_AND_DRINK_RESTAURANT,
71,13.27,Ba Bar,amexgold,dining,FOOD_AND_DRINK_RESTAURANT,
70,45.09,Salumi,amexgold,dining,FOOD_AND_DRINK_RESTAURANT,
69,40.40,Molly Moon's,sofi2,dining,FOOD_AND_DRINK_RESTAURANT,
68,15.44,Kedai Makan,csp,dining,FOOD_AND_DRINK_RESTAURANT,
67,43.42,Le Panier,amexgold,dining,FOOD_AND_DRINK_RESTAURANT,
66,29.93,Ba Bar,sofi2,dining,FOOD_AND_DRINK_RESTAURANT,
65,14.50,Molly Moon's,amexgold,dining,FOOD_AND_DRINK_RESTAURANT,
64,17.92,Salumi,csp,dining,FOOD_AND_DRINK_RESTAURANT,
64,17.82,Storyville Coffee,sofi2,dining,FOOD_AND_DRINK_RESTAURANT,
63,23.54,Paseo,sofi2,dining,FOOD_AND_DRINK_RESTAURANT,
62,14.72,Molly Moon's,amexgold,dining,FOOD_AND_DRINK_RESTAURANT,
61,20.65,Salumi,csp,dining,FOOD_AND_DRINK_RESTAURANT,
61,21.42,Molly Moon's,amexgold,dining,FOOD_AND_DRINK_RESTAURANT,
60,28.29,Tamarind Tree,csp,dining,FOOD_AND_DRINK_RESTAURANT,
59,34.58,Kedai Makan,amexgold,dining,FOOD_AND_DRINK_RESTAURANT,
57,22.09,Musashi's,amexgold,dining,FOOD_AND_DRINK_RESTAURANT,
56,30.37,Tamarind Tree,sofi2,dining,FOOD_AND_DRINK_RESTAURANT,
55,16.47,Salumi,csp,dining,FOOD_AND_DRINK_RESTAURANT,
54,48.92,Paseo,amexgold,dining,FOOD_AND_DRINK_RESTAURANT,
53,15.45,Un Bien,sofi2,dining,FOOD_AND_DRINK_RESTAURANT,
51,41.69,Kedai Makan,sofi2,dining,FOOD_AND_DRINK_RESTAURANT,
50,17.36,Tamarind Tree,csp,dining,FOOD_AND_DRINK_RESTAURANT,
49,15.72,Pike Place Chowder,csp,dining,FOOD_AND_DRINK_RESTAURANT,
48,31.68,Ba Bar,amexgold,dining,FOOD_AND_DRINK_RESTAURANT,
47,22.83,Ba Bar,sofi2,dining,FOOD_AND_DRINK_RESTAURANT,
46,40.33,Pike Place Chowder,csp,dining,FOOD_AND_DRINK_RESTAURANT,
44,47.46,Un Bien,amexgold,dining,FOOD_AND_DRINK_RESTAURANT,
42,31.54,Piroshky Piroshky,amexgold,dining,FOOD_AND_DRINK_RESTAURANT,
41,32.54,Piroshky Piroshky,csp,dining,FOOD_AND_DRINK_RESTAURANT,
39,33.42,Molly Moon's,amexgold,dining,FOOD_AND_DRINK_RESTAURANT,
38,13.89,Piroshky Piroshky,sofi2,dining,FOOD_AND_DRINK_RESTAURANT,
37,32.86,Ba Bar,amexgold,dining,FOOD_AND_DRINK_RESTAURANT,
36,13.59,Pike Place Chowder,csp,dining,FOOD_AND_DRINK_RESTAURANT,
35,21.90,Salumi,csp,dining,FOOD_AND_DRINK_RESTAURANT,
34,22.87,Molly Moon's,csp,dining,FOOD_AND_DRINK_RESTAURANT,
33,33.37,Pike Place Chowder,amexgold,dining,FOOD_AND_DRINK_RESTAURANT,
33,14.00,Tamarind Tree,csp,dining,FOOD_AND_DRINK_RESTAURANT,
32,15.01,Tamarind Tree,amexgold,dining,FOOD_AND_DRINK_RESTAURANT,
31,12.64,Le Panier,sofi2,dining,FOOD_AND_DRINK_RESTAURANT,
30,28.38,Musashi's,csp,dining,FOOD_AND_DRINK_RESTAURANT,
28,42.55,Ba Bar,csp,dining,FOOD_AND_DRINK_RESTAURANT,
27,49.08,Din Tai Fung,csp,dining,FOOD_AND_DRINK_RESTAURANT,
25,12.73,Molly Moon's,csp,dining,FOOD_AND_DRINK_RESTAURANT,
24,19.60,Piroshky Piroshky,amexgold,dining,FOOD_AND_DRINK_RESTAURANT,
23,26.02,Piroshky Piroshky,sofi2,dining,FOOD_AND_DRINK_RESTAURANT,
23,16.80,Tamarind Tree,csp,dining,FOOD_AND_DRINK_RESTAURANT,
22,19.01,Salumi,amexgold,dining,FOOD_AND_DRINK_RESTAURANT,
21,24.08,Molly Moon's,csp,dining,FOOD_AND_DRINK_RESTAURANT,
20,17.99,Ba Bar,amexgold,dining,FOOD_AND_DRINK_RESTAURANT,
19,12.62,Storyville Coffee,csp,dining,FOOD_AND_DRINK_RESTAURANT,
18,45.82,Kedai Makan,amexgold,dining,FOOD_AND_DRINK_RESTAURANT,
16,44.41,Le Panier,csp,dining,FOOD_AND_DRINK_RESTAURANT,
14,29.39,Le Panier,amexgold,dining,FOOD_AND_DRINK_RESTAURANT,
13,12.68,Homegrown,csp,dining,FOOD_AND_DRINK_RESTAURANT,
13,20.59,Kedai Makan,sofi2,dining,FOOD_AND_DRINK_RESTAURANT,
12,16.56,Le Panier,csp,dining,FOOD_AND_DRINK_RESTAURANT,
11,13.45,Kedai Makan,sofi2,dining,FOOD_AND_DRINK_RESTAURANT,
10,40.77,Din Tai Fung,amexgold,dining,FOOD_AND_DRINK_RESTAURANT,
8,14.29,Paseo,sofi2,dining,FOOD_AND_DRINK_RESTAURANT,
8,21.45,Storyville Coffee,amexgold,dining,FOOD_AND_DRINK_RESTAURANT,
7,13.79,Le Panier,csp,dining,FOOD_AND_DRINK_RESTAURANT,
6,47.52,Din Tai Fung,csp,dining,FOOD_AND_DRINK_RESTAURANT,
4,18.66,Tamarind Tree,sofi2,dining,FOOD_AND_DRINK_RESTAURANT,
4,12.89,Din Tai Fung,amexgold,dining,FOOD_AND_DRINK_RESTAURANT,
3,13.72,Homegrown,amexgold,dining,FOOD_AND_DRINK_RESTAURANT,
2,29.69,Un Bien,csp,dining,FOOD_AND_DRINK_RESTAURANT,
0,42.36,Pike Place Chowder,csp,dining,FOOD_AND_DRINK_RESTAURANT,
424,42.51,Trader Joe's,checking,groceries,FOOD_AND_DRINK_GROCERIES,
422,36.06,Uwajimaya,checking,groceries,FOOD_AND_DRINK_GROCERIES,
419,88.53,Uwajimaya,checking,groceries,FOOD_AND_DRINK_GROCERIES,
415,48.46,PCC Community Markets,checking,groceries,FOOD_AND_DRINK_GROCERIES,
413,28.91,Metropolitan Market,checking,groceries,FOOD_AND_DRINK_GROCERIES,
411,43.87,QFC,checking,groceries,FOOD_AND_DRINK_GROCERIES,
408,64.01,PCC Community Markets,checking,groceries,FOOD_AND_DRINK_GROCERIES,
405,25.51,QFC,checking,groceries,FOOD_AND_DRINK_GROCERIES,
403,59.11,QFC,checking,groceries,FOOD_AND_DRINK_GROCERIES,
399,57.00,Metropolitan Market,checking,groceries,FOOD_AND_DRINK_GROCERIES,
396,82.37,PCC Community Markets,checking,groceries,FOOD_AND_DRINK_GROCERIES,
392,53.46,PCC Community Markets,checking,groceries,FOOD_AND_DRINK_GROCERIES,
390,26.47,PCC Community Markets,checking,groceries,FOOD_AND_DRINK_GROCERIES,
387,61.00,Uwajimaya,checking,groceries,FOOD_AND_DRINK_GROCERIES,
383,87.41,QFC,checking,groceries,FOOD_AND_DRINK_GROCERIES,
379,47.84,Trader Joe's,checking,groceries,FOOD_AND_DRINK_GROCERIES,
376,50.15,Whole Foods,checking,groceries,FOOD_AND_DRINK_GROCERIES,
373,86.07,Whole Foods,checking,groceries,FOOD_AND_DRINK_GROCERIES,
369,27.04,Trader Joe's,checking,groceries,FOOD_AND_DRINK_GROCERIES,
368,26.17,PCC Community Markets,checking,groceries,FOOD_AND_DRINK_GROCERIES,
366,43.96,Trader Joe's,checking,groceries,FOOD_AND_DRINK_GROCERIES,
363,50.90,Trader Joe's,checking,groceries,FOOD_AND_DRINK_GROCERIES,
360,72.38,Metropolitan Market,checking,groceries,FOOD_AND_DRINK_GROCERIES,
356,31.61,Uwajimaya,checking,groceries,FOOD_AND_DRINK_GROCERIES,
354,40.10,Whole Foods,checking,groceries,FOOD_AND_DRINK_GROCERIES,
350,82.58,QFC,checking,groceries,FOOD_AND_DRINK_GROCERIES,
345,67.67,QFC,checking,groceries,FOOD_AND_DRINK_GROCERIES,
342,29.66,Whole Foods,checking,groceries,FOOD_AND_DRINK_GROCERIES,
340,33.08,Trader Joe's,checking,groceries,FOOD_AND_DRINK_GROCERIES,
338,27.52,Metropolitan Market,checking,groceries,FOOD_AND_DRINK_GROCERIES,
336,42.11,Trader Joe's,checking,groceries,FOOD_AND_DRINK_GROCERIES,
332,56.09,Trader Joe's,checking,groceries,FOOD_AND_DRINK_GROCERIES,
330,26.03,Uwajimaya,checking,groceries,FOOD_AND_DRINK_GROCERIES,
328,26.03,Uwajimaya,checking,groceries,FOOD_AND_DRINK_GROCERIES,
327,26.17,Metropolitan Market,checking,groceries,FOOD_AND_DRINK_GROCERIES,
325,27.76,QFC,checking,groceries,FOOD_AND_DRINK_GROCERIES,
323,26.90,Metropolitan Market,checking,groceries,FOOD_AND_DRINK_GROCERIES,
322,28.64,PCC Community Markets,checking,groceries,FOOD_AND_DRINK_GROCERIES,
320,44.63,Whole Foods,checking,groceries,FOOD_AND_DRINK_GROCERIES,
318,25.68,QFC,checking,groceries,FOOD_AND_DRINK_GROCERIES,
316,30.94,Trader Joe's,checking,groceries,FOOD_AND_DRINK_GROCERIES,
314,42.76,QFC,checking,groceries,FOOD_AND_DRINK_GROCERIES,
312,29.26,Metropolitan Market,checking,groceries,FOOD_AND_DRINK_GROCERIES,
310,30.09,Trader Joe's,checking,groceries,FOOD_AND_DRINK_GROCERIES,
307,74.35,Trader Joe's,checking,groceries,FOOD_AND_DRINK_GROCERIES,
304,28.97,QFC,checking,groceries,FOOD_AND_DRINK_GROCERIES,
302,27.31,Metropolitan Market,checking,groceries,FOOD_AND_DRINK_GROCERIES,
301,26.35,Whole Foods,checking,groceries,FOOD_AND_DRINK_GROCERIES,
297,74.10,Metropolitan Market,checking,groceries,FOOD_AND_DRINK_GROCERIES,
293,48.92,QFC,checking,groceries,FOOD_AND_DRINK_GROCERIES,
291,25.97,PCC Community Markets,checking,groceries,FOOD_AND_DRINK_GROCERIES,
289,27.66,QFC,checking,groceries,FOOD_AND_DRINK_GROCERIES,
286,81.95,Uwajimaya,checking,groceries,FOOD_AND_DRINK_GROCERIES,
282,30.76,QFC,checking,groceries,FOOD_AND_DRINK_GROCERIES,
280,26.24,PCC Community Markets,checking,groceries,FOOD_AND_DRINK_GROCERIES,
279,33.61,Uwajimaya,checking,groceries,FOOD_AND_DRINK_GROCERIES,
277,27.91,Trader Joe's,checking,groceries,FOOD_AND_DRINK_GROCERIES,
275,28.20,Uwajimaya,checking,groceries,FOOD_AND_DRINK_GROCERIES,
273,33.10,Uwajimaya,checking,groceries,FOOD_AND_DRINK_GROCERIES,
270,52.36,Trader Joe's,checking,groceries,FOOD_AND_DRINK_GROCERIES,
266,60.00,QFC,checking,groceries,FOOD_AND_DRINK_GROCERIES,
263,26.89,Metropolitan Market,checking,groceries,FOOD_AND_DRINK_GROCERIES,
260,65.00,QFC,checking,groceries,FOOD_AND_DRINK_GROCERIES,
257,49.18,QFC,checking,groceries,FOOD_AND_DRINK_GROCERIES,
254,35.62,Whole Foods,checking,groceries,FOOD_AND_DRINK_GROCERIES,
251,35.74,Trader Joe's,checking,groceries,FOOD_AND_DRINK_GROCERIES,
248,53.32,Whole Foods,checking,groceries,FOOD_AND_DRINK_GROCERIES,
245,59.10,PCC Community Markets,checking,groceries,FOOD_AND_DRINK_GROCERIES,
240,70.84,QFC,checking,groceries,FOOD_AND_DRINK_GROCERIES,
236,61.91,Uwajimaya,checking,groceries,FOOD_AND_DRINK_GROCERIES,
233,25.74,Whole Foods,checking,groceries,FOOD_AND_DRINK_GROCERIES,
230,73.15,QFC,checking,groceries,FOOD_AND_DRINK_GROCERIES,
227,39.65,Whole Foods,checking,groceries,FOOD_AND_DRINK_GROCERIES,
224,40.10,Trader Joe's,checking,groceries,FOOD_AND_DRINK_GROCERIES,
222,37.27,Trader Joe's,checking,groceries,FOOD_AND_DRINK_GROCERIES,
218,94.46,Trader Joe's,checking,groceries,FOOD_AND_DRINK_GROCERIES,
214,32.50,Uwajimaya,checking,groceries,FOOD_AND_DRINK_GROCERIES,
211,65.58,Uwajimaya,checking,groceries,FOOD_AND_DRINK_GROCERIES,
207,74.96,Uwajimaya,checking,groceries,FOOD_AND_DRINK_GROCERIES,
203,81.53,Trader Joe's,checking,groceries,FOOD_AND_DRINK_GROCERIES,
200,25.28,QFC,checking,groceries,FOOD_AND_DRINK_GROCERIES,
198,49.99,Uwajimaya,checking,groceries,FOOD_AND_DRINK_GROCERIES,
195,53.86,Uwajimaya,checking,groceries,FOOD_AND_DRINK_GROCERIES,
193,30.32,Trader Joe's,checking,groceries,FOOD_AND_DRINK_GROCERIES,
191,27.92,Uwajimaya,checking,groceries,FOOD_AND_DRINK_GROCERIES,
189,46.80,Metropolitan Market,checking,groceries,FOOD_AND_DRINK_GROCERIES,
187,53.13,Trader Joe's,checking,groceries,FOOD_AND_DRINK_GROCERIES,
184,35.65,QFC,checking,groceries,FOOD_AND_DRINK_GROCERIES,
181,85.11,Uwajimaya,checking,groceries,FOOD_AND_DRINK_GROCERIES,
178,25.31,Whole Foods,checking,groceries,FOOD_AND_DRINK_GROCERIES,
175,75.03,Metropolitan Market,checking,groceries,FOOD_AND_DRINK_GROCERIES,
172,27.04,PCC Community Markets,checking,groceries,FOOD_AND_DRINK_GROCERIES,
171,35.90,Whole Foods,checking,groceries,FOOD_AND_DRINK_GROCERIES,
169,25.25,PCC Community Markets,checking,groceries,FOOD_AND_DRINK_GROCERIES,
167,43.78,Whole Foods,checking,groceries,FOOD_AND_DRINK_GROCERIES,
165,31.37,Whole Foods,checking,groceries,FOOD_AND_DRINK_GROCERIES,
162,92.94,Metropolitan Market,checking,groceries,FOOD_AND_DRINK_GROCERIES,
158,64.53,Trader Joe's,checking,groceries,FOOD_AND_DRINK_GROCERIES,
155,28.13,Uwajimaya,checking,groceries,FOOD_AND_DRINK_GROCERIES,
154,25.37,Uwajimaya,checking,groceries,FOOD_AND_DRINK_GROCERIES,
152,25.22,Whole Foods,checking,groceries,FOOD_AND_DRINK_GROCERIES,
151,38.56,QFC,checking,groceries,FOOD_AND_DRINK_GROCERIES,
148,40.20,PCC Community Markets,checking,groceries,FOOD_AND_DRINK_GROCERIES,
146,34.57,Whole Foods,checking,groceries,FOOD_AND_DRINK_GROCERIES,
144,25.21,QFC,checking,groceries,FOOD_AND_DRINK_GROCERIES,
141,70.40,PCC Community Markets,checking,groceries,FOOD_AND_DRINK_GROCERIES,
136,77.72,Uwajimaya,checking,groceries,FOOD_AND_DRINK_GROCERIES,
133,28.68,Trader Joe's,checking,groceries,FOOD_AND_DRINK_GROCERIES,
130,46.94,Metropolitan Market,checking,groceries,FOOD_AND_DRINK_GROCERIES,
126,64.17,Trader Joe's,checking,groceries,FOOD_AND_DRINK_GROCERIES,
123,43.48,PCC Community Markets,checking,groceries,FOOD_AND_DRINK_GROCERIES,
120,42.61,Whole Foods,checking,groceries,FOOD_AND_DRINK_GROCERIES,
117,48.14,Uwajimaya,checking,groceries,FOOD_AND_DRINK_GROCERIES,
114,57.17,Trader Joe's,checking,groceries,FOOD_AND_DRINK_GROCERIES,
111,54.93,Metropolitan Market,checking,groceries,FOOD_AND_DRINK_GROCERIES,
107,45.16,PCC Community Markets,checking,groceries,FOOD_AND_DRINK_GROCERIES,
103,85.91,QFC,checking,groceries,FOOD_AND_DRINK_GROCERIES,
100,27.27,PCC Community Markets,checking,groceries,FOOD_AND_DRINK_GROCERIES,
96,86.23,QFC,checking,groceries,FOOD_AND_DRINK_GROCERIES,
93,27.86,Uwajimaya,checking,groceries,FOOD_AND_DRINK_GROCERIES,
91,25.43,QFC,checking,groceries,FOOD_AND_DRINK_GROCERIES,
89,36.31,Metropolitan Market,checking,groceries,FOOD_AND_DRINK_GROCERIES,
86,80.39,Metropolitan Market,checking,groceries,FOOD_AND_DRINK_GROCERIES,
82,70.09,Whole Foods,checking,groceries,FOOD_AND_DRINK_GROCERIES,
80,28.21,Trader Joe's,checking,groceries,FOOD_AND_DRINK_GROCERIES,
77,62.88,Uwajimaya,checking,groceries,FOOD_AND_DRINK_GROCERIES,
75,25.35,Whole Foods,checking,groceries,FOOD_AND_DRINK_GROCERIES,
74,25.82,Trader Joe's,checking,groceries,FOOD_AND_DRINK_GROCERIES,
72,39.66,Metropolitan Market,checking,groceries,FOOD_AND_DRINK_GROCERIES,
69,59.86,Uwajimaya,checking,groceries,FOOD_AND_DRINK_GROCERIES,
66,63.75,Whole Foods,checking,groceries,FOOD_AND_DRINK_GROCERIES,
62,84.33,Uwajimaya,checking,groceries,FOOD_AND_DRINK_GROCERIES,
59,25.55,QFC,checking,groceries,FOOD_AND_DRINK_GROCERIES,
57,47.88,QFC,checking,groceries,FOOD_AND_DRINK_GROCERIES,
53,73.62,Trader Joe's,checking,groceries,FOOD_AND_DRINK_GROCERIES,
50,34.69,Uwajimaya,checking,groceries,FOOD_AND_DRINK_GROCERIES,
47,56.46,Trader Joe's,checking,groceries,FOOD_AND_DRINK_GROCERIES,
43,63.93,Trader Joe's,checking,groceries,FOOD_AND_DRINK_GROCERIES,
38,91.32,Metropolitan Market,checking,groceries,FOOD_AND_DRINK_GROCERIES,
34,30.89,Metropolitan Market,checking,groceries,FOOD_AND_DRINK_GROCERIES,
32,58.50,Whole Foods,checking,groceries,FOOD_AND_DRINK_GROCERIES,
29,25.92,QFC,checking,groceries,FOOD_AND_DRINK_GROCERIES,
25,94.65,PCC Community Markets,checking,groceries,FOOD_AND_DRINK_GROCERIES,
21,31.72,Whole Foods,checking,groceries,FOOD_AND_DRINK_GROCERIES,
19,37.48,Metropolitan Market,checking,groceries,FOOD_AND_DRINK_GROCERIES,
16,49.08,QFC,checking,groceries,FOOD_AND_DRINK_GROCERIES,
12,71.92,Whole Foods,checking,groceries,FOOD_AND_DRINK_GROCERIES,
8,64.98,Metropolitan Market,checking,groceries,FOOD_AND_DRINK_GROCERIES,
3,90.09,Trader Joe's,checking,groceries,FOOD_AND_DRINK_GROCERIES,
424,21.84,ORCA,sofi2,transport,TRANSPORTATION_TAXIS_AND_RIDE_SHARES,
420,32.80,Lime,sofi2,transport,TRANSPORTATION_TAXIS_AND_RIDE_SHARES,
417,20.20,Lyft,sofi2,transport,TRANSPORTATION_TAXIS_AND_RIDE_SHARES,
414,19.44,ORCA,sofi2,transport,TRANSPORTATION_TAXIS_AND_RIDE_SHARES,
411,30.52,Lime,cfu,transport,TRANSPORTATION_TAXIS_AND_RIDE_SHARES,
409,6.68,ORCA,sofi2,transport,TRANSPORTATION_TAXIS_AND_RIDE_SHARES,
408,7.35,Lyft,checking,transport,TRANSPORTATION_TAXIS_AND_RIDE_SHARES,
406,10.77,Shell,cfu,transport,TRANSPORTATION_TAXIS_AND_RIDE_SHARES,
405,9.86,Shell,cfu,transport,TRANSPORTATION_TAXIS_AND_RIDE_SHARES,
402,29.31,Lime,checking,transport,TRANSPORTATION_TAXIS_AND_RIDE_SHARES,
400,9.67,Lyft,cfu,transport,TRANSPORTATION_TAXIS_AND_RIDE_SHARES,
399,8.03,ORCA,sofi2,transport,TRANSPORTATION_TAXIS_AND_RIDE_SHARES,
398,6.21,Washington State Ferries,cfu,transport,TRANSPORTATION_TAXIS_AND_RIDE_SHARES,
397,13.15,Uber,cfu,transport,TRANSPORTATION_TAXIS_AND_RIDE_SHARES,
395,10.69,Washington State Ferries,cfu,transport,TRANSPORTATION_TAXIS_AND_RIDE_SHARES,
394,9.72,ORCA,cfu,transport,TRANSPORTATION_TAXIS_AND_RIDE_SHARES,
392,8.94,Lime,sofi2,transport,TRANSPORTATION_TAXIS_AND_RIDE_SHARES,
390,33.30,Washington State Ferries,checking,transport,TRANSPORTATION_TAXIS_AND_RIDE_SHARES,
386,23.56,Lyft,checking,transport,TRANSPORTATION_TAXIS_AND_RIDE_SHARES,
384,11.23,Lime,sofi2,transport,TRANSPORTATION_TAXIS_AND_RIDE_SHARES,
382,16.61,Washington State Ferries,cfu,transport,TRANSPORTATION_TAXIS_AND_RIDE_SHARES,
380,8.70,Uber,checking,transport,TRANSPORTATION_TAXIS_AND_RIDE_SHARES,
378,15.67,Lyft,sofi2,transport,TRANSPORTATION_TAXIS_AND_RIDE_SHARES,
377,9.52,ORCA,checking,transport,TRANSPORTATION_TAXIS_AND_RIDE_SHARES,
374,31.64,Shell,cfu,transport,TRANSPORTATION_TAXIS_AND_RIDE_SHARES,
371,6.29,Lime,checking,transport,TRANSPORTATION_TAXIS_AND_RIDE_SHARES,
370,16.11,Lyft,checking,transport,TRANSPORTATION_TAXIS_AND_RIDE_SHARES,
368,6.49,Shell,sofi2,transport,TRANSPORTATION_TAXIS_AND_RIDE_SHARES,
366,32.33,Diamond Parking,sofi2,transport,TRANSPORTATION_TAXIS_AND_RIDE_SHARES,
361,35.88,Diamond Parking,sofi2,transport,TRANSPORTATION_TAXIS_AND_RIDE_SHARES,
358,8.03,ORCA,checking,transport,TRANSPORTATION_TAXIS_AND_RIDE_SHARES,
357,12.02,Lyft,cfu,transport,TRANSPORTATION_TAXIS_AND_RIDE_SHARES,
354,22.84,Washington State Ferries,sofi2,transport,TRANSPORTATION_TAXIS_AND_RIDE_SHARES,
352,6.85,Lyft,sofi2,transport,TRANSPORTATION_TAXIS_AND_RIDE_SHARES,
351,6.42,Washington State Ferries,sofi2,transport,TRANSPORTATION_TAXIS_AND_RIDE_SHARES,
348,32.12,Shell,sofi2,transport,TRANSPORTATION_TAXIS_AND_RIDE_SHARES,
343,29.97,Shell,checking,transport,TRANSPORTATION_TAXIS_AND_RIDE_SHARES,
340,5.98,Lime,cfu,transport,TRANSPORTATION_TAXIS_AND_RIDE_SHARES,
339,5.87,Lime,cfu,transport,TRANSPORTATION_TAXIS_AND_RIDE_SHARES,
338,7.19,Uber,cfu,transport,TRANSPORTATION_TAXIS_AND_RIDE_SHARES,
337,6.29,Lime,cfu,transport,TRANSPORTATION_TAXIS_AND_RIDE_SHARES,
336,9.63,Shell,sofi2,transport,TRANSPORTATION_TAXIS_AND_RIDE_SHARES,
334,10.13,Shell,sofi2,transport,TRANSPORTATION_TAXIS_AND_RIDE_SHARES,
330,39.12,ORCA,cfu,transport,TRANSPORTATION_TAXIS_AND_RIDE_SHARES,
327,6.23,ORCA,checking,transport,TRANSPORTATION_TAXIS_AND_RIDE_SHARES,
326,7.27,Diamond Parking,checking,transport,TRANSPORTATION_TAXIS_AND_RIDE_SHARES,
325,17.50,Shell,cfu,transport,TRANSPORTATION_TAXIS_AND_RIDE_SHARES,
323,12.00,Uber,sofi2,transport,TRANSPORTATION_TAXIS_AND_RIDE_SHARES,
320,18.66,Lyft,checking,transport,TRANSPORTATION_TAXIS_AND_RIDE_SHARES,
319,7.03,Shell,checking,transport,TRANSPORTATION_TAXIS_AND_RIDE_SHARES,
316,34.82,ORCA,sofi2,transport,TRANSPORTATION_TAXIS_AND_RIDE_SHARES,
313,6.45,Lime,checking,transport,TRANSPORTATION_TAXIS_AND_RIDE_SHARES,
312,8.57,Uber,cfu,transport,TRANSPORTATION_TAXIS_AND_RIDE_SHARES,
310,20.15,ORCA,cfu,transport,TRANSPORTATION_TAXIS_AND_RIDE_SHARES,
308,5.60,Washington State Ferries,checking,transport,TRANSPORTATION_TAXIS_AND_RIDE_SHARES,
307,11.21,Uber,cfu,transport,TRANSPORTATION_TAXIS_AND_RIDE_SHARES,
304,28.32,ORCA,checking,transport,TRANSPORTATION_TAXIS_AND_RIDE_SHARES,
302,5.84,Lime,cfu,transport,TRANSPORTATION_TAXIS_AND_RIDE_SHARES,
300,12.53,Lyft,cfu,transport,TRANSPORTATION_TAXIS_AND_RIDE_SHARES,
298,24.18,Washington State Ferries,checking,transport,TRANSPORTATION_TAXIS_AND_RIDE_SHARES,
295,13.67,Lyft,sofi2,transport,TRANSPORTATION_TAXIS_AND_RIDE_SHARES,
293,16.92,Lyft,sofi2,transport,TRANSPORTATION_TAXIS_AND_RIDE_SHARES,
291,10.12,Shell,checking,transport,TRANSPORTATION_TAXIS_AND_RIDE_SHARES,
287,37.16,ORCA,cfu,transport,TRANSPORTATION_TAXIS_AND_RIDE_SHARES,
281,36.52,Lyft,sofi2,transport,TRANSPORTATION_TAXIS_AND_RIDE_SHARES,
278,5.73,Lyft,checking,transport,TRANSPORTATION_TAXIS_AND_RIDE_SHARES,
277,8.17,Uber,cfu,transport,TRANSPORTATION_TAXIS_AND_RIDE_SHARES,
276,6.63,Shell,cfu,transport,TRANSPORTATION_TAXIS_AND_RIDE_SHARES,
273,34.52,Diamond Parking,cfu,transport,TRANSPORTATION_TAXIS_AND_RIDE_SHARES,
268,33.34,ORCA,cfu,transport,TRANSPORTATION_TAXIS_AND_RIDE_SHARES,
265,5.94,Washington State Ferries,sofi2,transport,TRANSPORTATION_TAXIS_AND_RIDE_SHARES,
262,23.94,Shell,cfu,transport,TRANSPORTATION_TAXIS_AND_RIDE_SHARES,
259,22.38,Lyft,checking,transport,TRANSPORTATION_TAXIS_AND_RIDE_SHARES,
255,27.78,Diamond Parking,checking,transport,TRANSPORTATION_TAXIS_AND_RIDE_SHARES,
250,30.94,ORCA,sofi2,transport,TRANSPORTATION_TAXIS_AND_RIDE_SHARES,
247,5.89,Lyft,cfu,transport,TRANSPORTATION_TAXIS_AND_RIDE_SHARES,
246,15.06,Diamond Parking,cfu,transport,TRANSPORTATION_TAXIS_AND_RIDE_SHARES,
244,9.02,Shell,checking,transport,TRANSPORTATION_TAXIS_AND_RIDE_SHARES,
242,10.25,ORCA,checking,transport,TRANSPORTATION_TAXIS_AND_RIDE_SHARES,
240,11.17,Diamond Parking,cfu,transport,TRANSPORTATION_TAXIS_AND_RIDE_SHARES,
238,22.95,Lyft,cfu,transport,TRANSPORTATION_TAXIS_AND_RIDE_SHARES,
234,25.87,Washington State Ferries,sofi2,transport,TRANSPORTATION_TAXIS_AND_RIDE_SHARES,
231,24.07,Lime,checking,transport,TRANSPORTATION_TAXIS_AND_RIDE_SHARES,
227,28.15,Washington State Ferries,cfu,transport,TRANSPORTATION_TAXIS_AND_RIDE_SHARES,
224,8.49,Washington State Ferries,checking,transport,TRANSPORTATION_TAXIS_AND_RIDE_SHARES,
223,12.34,Washington State Ferries,sofi2,transport,TRANSPORTATION_TAXIS_AND_RIDE_SHARES,
220,18.43,Washington State Ferries,sofi2,transport,TRANSPORTATION_TAXIS_AND_RIDE_SHARES,
216,35.48,Diamond Parking,checking,transport,TRANSPORTATION_TAXIS_AND_RIDE_SHARES,
213,16.65,Diamond Parking,checking,transport,TRANSPORTATION_TAXIS_AND_RIDE_SHARES,
210,23.05,Shell,cfu,transport,TRANSPORTATION_TAXIS_AND_RIDE_SHARES,
207,17.35,ORCA,cfu,transport,TRANSPORTATION_TAXIS_AND_RIDE_SHARES,
205,8.53,Shell,checking,transport,TRANSPORTATION_TAXIS_AND_RIDE_SHARES,
204,10.15,Lyft,sofi2,transport,TRANSPORTATION_TAXIS_AND_RIDE_SHARES,
203,6.18,Lyft,sofi2,transport,TRANSPORTATION_TAXIS_AND_RIDE_SHARES,
202,5.71,Lime,cfu,transport,TRANSPORTATION_TAXIS_AND_RIDE_SHARES,
201,10.77,Lime,sofi2,transport,TRANSPORTATION_TAXIS_AND_RIDE_SHARES,
200,16.65,Uber,cfu,transport,TRANSPORTATION_TAXIS_AND_RIDE_SHARES,
196,37.34,Lyft,checking,transport,TRANSPORTATION_TAXIS_AND_RIDE_SHARES,
193,12.01,Lime,cfu,transport,TRANSPORTATION_TAXIS_AND_RIDE_SHARES,
191,20.92,ORCA,sofi2,transport,TRANSPORTATION_TAXIS_AND_RIDE_SHARES,
189,9.35,Shell,sofi2,transport,TRANSPORTATION_TAXIS_AND_RIDE_SHARES,
188,14.69,Diamond Parking,sofi2,transport,TRANSPORTATION_TAXIS_AND_RIDE_SHARES,
185,23.68,Shell,sofi2,transport,TRANSPORTATION_TAXIS_AND_RIDE_SHARES,
181,36.90,Shell,cfu,transport,TRANSPORTATION_TAXIS_AND_RIDE_SHARES,
178,14.96,ORCA,cfu,transport,TRANSPORTATION_TAXIS_AND_RIDE_SHARES,
175,34.23,Diamond Parking,checking,transport,TRANSPORTATION_TAXIS_AND_RIDE_SHARES,
170,38.12,Uber,sofi2,transport,TRANSPORTATION_TAXIS_AND_RIDE_SHARES,
166,21.24,Washington State Ferries,sofi2,transport,TRANSPORTATION_TAXIS_AND_RIDE_SHARES,
163,30.34,Uber,sofi2,transport,TRANSPORTATION_TAXIS_AND_RIDE_SHARES,
160,25.15,Diamond Parking,sofi2,transport,TRANSPORTATION_TAXIS_AND_RIDE_SHARES,
158,5.98,Shell,sofi2,transport,TRANSPORTATION_TAXIS_AND_RIDE_SHARES,
156,26.51,Diamond Parking,checking,transport,TRANSPORTATION_TAXIS_AND_RIDE_SHARES,
153,12.34,Shell,cfu,transport,TRANSPORTATION_TAXIS_AND_RIDE_SHARES,
151,15.33,Lyft,cfu,transport,TRANSPORTATION_TAXIS_AND_RIDE_SHARES,
149,25.87,Uber,sofi2,transport,TRANSPORTATION_TAXIS_AND_RIDE_SHARES,
144,27.59,Lyft,cfu,transport,TRANSPORTATION_TAXIS_AND_RIDE_SHARES,
142,6.38,Washington State Ferries,cfu,transport,TRANSPORTATION_TAXIS_AND_RIDE_SHARES,
140,18.27,Shell,checking,transport,TRANSPORTATION_TAXIS_AND_RIDE_SHARES,
137,23.18,Shell,cfu,transport,TRANSPORTATION_TAXIS_AND_RIDE_SHARES,
134,6.51,ORCA,checking,transport,TRANSPORTATION_TAXIS_AND_RIDE_SHARES,
132,25.88,ORCA,checking,transport,TRANSPORTATION_TAXIS_AND_RIDE_SHARES,
129,5.67,Diamond Parking,sofi2,transport,TRANSPORTATION_TAXIS_AND_RIDE_SHARES,
129,5.77,Lyft,sofi2,transport,TRANSPORTATION_TAXIS_AND_RIDE_SHARES,
126,26.93,ORCA,cfu,transport,TRANSPORTATION_TAXIS_AND_RIDE_SHARES,
123,9.74,Washington State Ferries,checking,transport,TRANSPORTATION_TAXIS_AND_RIDE_SHARES,
122,7.65,Washington State Ferries,checking,transport,TRANSPORTATION_TAXIS_AND_RIDE_SHARES,
121,8.78,ORCA,sofi2,transport,TRANSPORTATION_TAXIS_AND_RIDE_SHARES,
119,15.69,Lyft,checking,transport,TRANSPORTATION_TAXIS_AND_RIDE_SHARES,
117,9.01,Shell,cfu,transport,TRANSPORTATION_TAXIS_AND_RIDE_SHARES,
116,8.11,Lyft,cfu,transport,TRANSPORTATION_TAXIS_AND_RIDE_SHARES,
113,22.85,Uber,cfu,transport,TRANSPORTATION_TAXIS_AND_RIDE_SHARES,
111,5.75,Washington State Ferries,checking,transport,TRANSPORTATION_TAXIS_AND_RIDE_SHARES,
110,14.58,Diamond Parking,checking,transport,TRANSPORTATION_TAXIS_AND_RIDE_SHARES,
107,28.20,Washington State Ferries,cfu,transport,TRANSPORTATION_TAXIS_AND_RIDE_SHARES,
104,12.81,Lyft,checking,transport,TRANSPORTATION_TAXIS_AND_RIDE_SHARES,
102,9.58,Uber,checking,transport,TRANSPORTATION_TAXIS_AND_RIDE_SHARES,
53,11.16,Shell,cfu,transport,TRANSPORTATION_TAXIS_AND_RIDE_SHARES,
51,21.21,Diamond Parking,sofi2,transport,TRANSPORTATION_TAXIS_AND_RIDE_SHARES,
49,6.28,Washington State Ferries,checking,transport,TRANSPORTATION_TAXIS_AND_RIDE_SHARES,
47,13.33,Diamond Parking,cfu,transport,TRANSPORTATION_TAXIS_AND_RIDE_SHARES,
45,14.17,Uber,checking,transport,TRANSPORTATION_TAXIS_AND_RIDE_SHARES,
42,26.34,Lime,sofi2,transport,TRANSPORTATION_TAXIS_AND_RIDE_SHARES,
39,17.10,Uber,checking,transport,TRANSPORTATION_TAXIS_AND_RIDE_SHARES,
36,21.35,ORCA,cfu,transport,TRANSPORTATION_TAXIS_AND_RIDE_SHARES,
34,6.31,Diamond Parking,sofi2,transport,TRANSPORTATION_TAXIS_AND_RIDE_SHARES,
33,7.59,Diamond Parking,checking,transport,TRANSPORTATION_TAXIS_AND_RIDE_SHARES,
32,11.57,Uber,cfu,transport,TRANSPORTATION_TAXIS_AND_RIDE_SHARES,
30,16.15,Lyft,cfu,transport,TRANSPORTATION_TAXIS_AND_RIDE_SHARES,
26,24.84,Washington State Ferries,sofi2,transport,TRANSPORTATION_TAXIS_AND_RIDE_SHARES,
22,36.79,Washington State Ferries,cfu,transport,TRANSPORTATION_TAXIS_AND_RIDE_SHARES,
18,15.75,Lyft,checking,transport,TRANSPORTATION_TAXIS_AND_RIDE_SHARES,
15,16.11,Lime,checking,transport,TRANSPORTATION_TAXIS_AND_RIDE_SHARES,
13,7.95,Shell,cfu,transport,TRANSPORTATION_TAXIS_AND_RIDE_SHARES,
12,11.86,Washington State Ferries,cfu,transport,TRANSPORTATION_TAXIS_AND_RIDE_SHARES,
9,27.92,Lime,sofi2,transport,TRANSPORTATION_TAXIS_AND_RIDE_SHARES,
4,37.50,Washington State Ferries,sofi2,transport,TRANSPORTATION_TAXIS_AND_RIDE_SHARES,
0,13.95,ORCA,sofi2,transport,TRANSPORTATION_TAXIS_AND_RIDE_SHARES,
425,24.94,Amazon,cfu,shopping,GENERAL_MERCHANDISE_CLOTHING_AND_ACCESSORIES,
424,17.70,Uniqlo,checking,shopping,GENERAL_MERCHANDISE_CLOTHING_AND_ACCESSORIES,
423,16.95,Nordstrom,cfu,shopping,GENERAL_MERCHANDISE_CLOTHING_AND_ACCESSORIES,
422,18.47,Amazon,checking,shopping,GENERAL_MERCHANDISE_CLOTHING_AND_ACCESSORIES,
420,53.06,Glossier,checking,shopping,GENERAL_MERCHANDISE_CLOTHING_AND_ACCESSORIES,
418,63.18,REI,sofi2,shopping,GENERAL_MERCHANDISE_CLOTHING_AND_ACCESSORIES,
415,62.10,Glossier,sofi2,shopping,GENERAL_MERCHANDISE_CLOTHING_AND_ACCESSORIES,
411,67.14,Glossier,sofi2,shopping,GENERAL_MERCHANDISE_CLOTHING_AND_ACCESSORIES,
409,43.75,REI,cfu,shopping,GENERAL_MERCHANDISE_CLOTHING_AND_ACCESSORIES,
407,17.28,Nordstrom,cfu,shopping,GENERAL_MERCHANDISE_CLOTHING_AND_ACCESSORIES,
406,27.89,Glossier,checking,shopping,GENERAL_MERCHANDISE_CLOTHING_AND_ACCESSORIES,
405,22.30,Sephora,sofi2,shopping,GENERAL_MERCHANDISE_CLOTHING_AND_ACCESSORIES,
404,17.98,Elliott Bay Book Co,checking,shopping,GENERAL_MERCHANDISE_CLOTHING_AND_ACCESSORIES,
403,33.76,Elliott Bay Book Co,sofi2,shopping,GENERAL_MERCHANDISE_CLOTHING_AND_ACCESSORIES,
401,32.35,Target,checking,shopping,GENERAL_MERCHANDISE_CLOTHING_AND_ACCESSORIES,
400,24.58,Sephora,sofi2,shopping,GENERAL_MERCHANDISE_CLOTHING_AND_ACCESSORIES,
399,18.15,REI,sofi2,shopping,GENERAL_MERCHANDISE_CLOTHING_AND_ACCESSORIES,
398,32.56,Sephora,cfu,shopping,GENERAL_MERCHANDISE_CLOTHING_AND_ACCESSORIES,
395,55.61,REI,cfu,shopping,GENERAL_MERCHANDISE_CLOTHING_AND_ACCESSORIES,
394,17.58,Nordstrom,checking,shopping,GENERAL_MERCHANDISE_CLOTHING_AND_ACCESSORIES,
393,22.35,Nordstrom,checking,shopping,GENERAL_MERCHANDISE_CLOTHING_AND_ACCESSORIES,
392,21.43,Elliott Bay Book Co,sofi2,shopping,GENERAL_MERCHANDISE_CLOTHING_AND_ACCESSORIES,
390,34.80,Target,sofi2,shopping,GENERAL_MERCHANDISE_CLOTHING_AND_ACCESSORIES,
389,28.34,Sephora,sofi2,shopping,GENERAL_MERCHANDISE_CLOTHING_AND_ACCESSORIES,
387,22.45,Uniqlo,cfu,shopping,GENERAL_MERCHANDISE_CLOTHING_AND_ACCESSORIES,
386,46.81,Target,cfu,shopping,GENERAL_MERCHANDISE_CLOTHING_AND_ACCESSORIES,
383,73.93,Amazon,cfu,shopping,GENERAL_MERCHANDISE_CLOTHING_AND_ACCESSORIES,
380,60.31,Uniqlo,cfu,shopping,GENERAL_MERCHANDISE_CLOTHING_AND_ACCESSORIES,
378,16.89,Sephora,checking,shopping,GENERAL_MERCHANDISE_CLOTHING_AND_ACCESSORIES,
377,29.14,Nordstrom,checking,shopping,GENERAL_MERCHANDISE_CLOTHING_AND_ACCESSORIES,
374,56.45,Elliott Bay Book Co,cfu,shopping,GENERAL_MERCHANDISE_CLOTHING_AND_ACCESSORIES,
373,20.64,Nordstrom,sofi2,shopping,GENERAL_MERCHANDISE_CLOTHING_AND_ACCESSORIES,
371,58.66,REI,checking,shopping,GENERAL_MERCHANDISE_CLOTHING_AND_ACCESSORIES,
368,56.33,Nordstrom,checking,shopping,GENERAL_MERCHANDISE_CLOTHING_AND_ACCESSORIES,
366,34.45,Nordstrom,checking,shopping,GENERAL_MERCHANDISE_CLOTHING_AND_ACCESSORIES,
364,16.80,Target,cfu,shopping,GENERAL_MERCHANDISE_CLOTHING_AND_ACCESSORIES,
364,18.53,Elliott Bay Book Co,checking,shopping,GENERAL_MERCHANDISE_CLOTHING_AND_ACCESSORIES,
362,34.90,Uniqlo,cfu,shopping,GENERAL_MERCHANDISE_CLOTHING_AND_ACCESSORIES,
361,17.73,Target,cfu,shopping,GENERAL_MERCHANDISE_CLOTHING_AND_ACCESSORIES,
360,20.00,Nordstrom,sofi2,shopping,GENERAL_MERCHANDISE_CLOTHING_AND_ACCESSORIES,
359,21.61,Elliott Bay Book Co,sofi2,shopping,GENERAL_MERCHANDISE_CLOTHING_AND_ACCESSORIES,
358,17.26,Glossier,cfu,shopping,GENERAL_MERCHANDISE_CLOTHING_AND_ACCESSORIES,
357,19.78,Uniqlo,sofi2,shopping,GENERAL_MERCHANDISE_CLOTHING_AND_ACCESSORIES,
355,56.93,Sephora,sofi2,shopping,GENERAL_MERCHANDISE_CLOTHING_AND_ACCESSORIES,
351,53.48,REI,checking,shopping,GENERAL_MERCHANDISE_CLOTHING_AND_ACCESSORIES,
349,16.88,Target,cfu,shopping,GENERAL_MERCHANDISE_CLOTHING_AND_ACCESSORIES,
348,18.05,Glossier,cfu,shopping,GENERAL_MERCHANDISE_CLOTHING_AND_ACCESSORIES,
347,18.50,Amazon,cfu,shopping,GENERAL_MERCHANDISE_CLOTHING_AND_ACCESSORIES,
346,31.42,Nordstrom,cfu,shopping,GENERAL_MERCHANDISE_CLOTHING_AND_ACCESSORIES,
343,70.80,REI,cfu,shopping,GENERAL_MERCHANDISE_CLOTHING_AND_ACCESSORIES,
341,17.43,Sephora,cfu,shopping,GENERAL_MERCHANDISE_CLOTHING_AND_ACCESSORIES,
339,22.03,Elliott Bay Book Co,checking,shopping,GENERAL_MERCHANDISE_CLOTHING_AND_ACCESSORIES,
337,58.76,Sephora,sofi2,shopping,GENERAL_MERCHANDISE_CLOTHING_AND_ACCESSORIES,
335,16.83,Glossier,sofi2,shopping,GENERAL_MERCHANDISE_CLOTHING_AND_ACCESSORIES,
333,41.12,Target,checking,shopping,GENERAL_MERCHANDISE_CLOTHING_AND_ACCESSORIES,
332,16.89,Sephora,cfu,shopping,GENERAL_MERCHANDISE_CLOTHING_AND_ACCESSORIES,
331,20.81,Amazon,sofi2,shopping,GENERAL_MERCHANDISE_CLOTHING_AND_ACCESSORIES,
328,62.60,Sephora,checking,shopping,GENERAL_MERCHANDISE_CLOTHING_AND_ACCESSORIES,
326,23.00,Nordstrom,cfu,shopping,GENERAL_MERCHANDISE_CLOTHING_AND_ACCESSORIES,
325,41.73,Uniqlo,cfu,shopping,GENERAL_MERCHANDISE_CLOTHING_AND_ACCESSORIES,
323,17.24,Nordstrom,checking,shopping,GENERAL_MERCHANDISE_CLOTHING_AND_ACCESSORIES,
322,17.64,REI,cfu,shopping,GENERAL_MERCHANDISE_CLOTHING_AND_ACCESSORIES,
321,30.61,Elliott Bay Book Co,checking,shopping,GENERAL_MERCHANDISE_CLOTHING_AND_ACCESSORIES,
320,16.96,Glossier,checking,shopping,GENERAL_MERCHANDISE_CLOTHING_AND_ACCESSORIES,
318,50.30,Target,sofi2,shopping,GENERAL_MERCHANDISE_CLOTHING_AND_ACCESSORIES,
316,21.87,Nordstrom,checking,shopping,GENERAL_MERCHANDISE_CLOTHING_AND_ACCESSORIES,
314,56.85,REI,sofi2,shopping,GENERAL_MERCHANDISE_CLOTHING_AND_ACCESSORIES,
311,57.02,Uniqlo,cfu,shopping,GENERAL_MERCHANDISE_CLOTHING_AND_ACCESSORIES,
309,26.36,Sephora,sofi2,shopping,GENERAL_MERCHANDISE_CLOTHING_AND_ACCESSORIES,
308,17.03,REI,cfu,shopping,GENERAL_MERCHANDISE_CLOTHING_AND_ACCESSORIES,
307,17.90,Uniqlo,sofi2,shopping,GENERAL_MERCHANDISE_CLOTHING_AND_ACCESSORIES,
306,26.75,Glossier,sofi2,shopping,GENERAL_MERCHANDISE_CLOTHING_AND_ACCESSORIES,
305,28.49,REI,checking,shopping,GENERAL_MERCHANDISE_CLOTHING_AND_ACCESSORIES,
303,17.23,Amazon,sofi2,shopping,GENERAL_MERCHANDISE_CLOTHING_AND_ACCESSORIES,
302,57.91,Nordstrom,checking,shopping,GENERAL_MERCHANDISE_CLOTHING_AND_ACCESSORIES,
298,65.97,Amazon,checking,shopping,GENERAL_MERCHANDISE_CLOTHING_AND_ACCESSORIES,
296,20.46,Sephora,cfu,shopping,GENERAL_MERCHANDISE_CLOTHING_AND_ACCESSORIES,
295,20.00,Nordstrom,sofi2,shopping,GENERAL_MERCHANDISE_CLOTHING_AND_ACCESSORIES,
294,22.47,Nordstrom,checking,shopping,GENERAL_MERCHANDISE_CLOTHING_AND_ACCESSORIES,
293,16.91,Elliott Bay Book Co,cfu,shopping,GENERAL_MERCHANDISE_CLOTHING_AND_ACCESSORIES,
291,29.74,Sephora,sofi2,shopping,GENERAL_MERCHANDISE_CLOTHING_AND_ACCESSORIES,
290,30.47,Target,cfu,shopping,GENERAL_MERCHANDISE_CLOTHING_AND_ACCESSORIES,
288,19.03,Sephora,checking,shopping,GENERAL_MERCHANDISE_CLOTHING_AND_ACCESSORIES,
287,29.84,Elliott Bay Book Co,cfu,shopping,GENERAL_MERCHANDISE_CLOTHING_AND_ACCESSORIES,
285,26.09,Amazon,cfu,shopping,GENERAL_MERCHANDISE_CLOTHING_AND_ACCESSORIES,
284,38.48,Amazon,checking,shopping,GENERAL_MERCHANDISE_CLOTHING_AND_ACCESSORIES,
282,17.22,Nordstrom,sofi2,shopping,GENERAL_MERCHANDISE_CLOTHING_AND_ACCESSORIES,
280,37.86,Elliott Bay Book Co,sofi2,shopping,GENERAL_MERCHANDISE_CLOTHING_AND_ACCESSORIES,
278,51.91,Glossier,cfu,shopping,GENERAL_MERCHANDISE_CLOTHING_AND_ACCESSORIES,
276,27.09,Uniqlo,checking,shopping,GENERAL_MERCHANDISE_CLOTHING_AND_ACCESSORIES,
273,57.62,Amazon,cfu,shopping,GENERAL_MERCHANDISE_CLOTHING_AND_ACCESSORIES,
271,47.31,REI,checking,shopping,GENERAL_MERCHANDISE_CLOTHING_AND_ACCESSORIES,
268,33.07,REI,sofi2,shopping,GENERAL_MERCHANDISE_CLOTHING_AND_ACCESSORIES,
267,20.97,REI,checking,shopping,GENERAL_MERCHANDISE_CLOTHING_AND_ACCESSORIES,
265,34.20,Glossier,sofi2,shopping,GENERAL_MERCHANDISE_CLOTHING_AND_ACCESSORIES,
264,20.08,Uniqlo,cfu,shopping,GENERAL_MERCHANDISE_CLOTHING_AND_ACCESSORIES,
262,45.18,Uniqlo,checking,shopping,GENERAL_MERCHANDISE_CLOTHING_AND_ACCESSORIES,
260,18.23,Glossier,sofi2,shopping,GENERAL_MERCHANDISE_CLOTHING_AND_ACCESSORIES,
259,27.02,Uniqlo,checking,shopping,GENERAL_MERCHANDISE_CLOTHING_AND_ACCESSORIES,
257,17.23,Glossier,checking,shopping,GENERAL_MERCHANDISE_CLOTHING_AND_ACCESSORIES,
256,17.65,REI,sofi2,shopping,GENERAL_MERCHANDISE_CLOTHING_AND_ACCESSORIES,
255,23.96,REI,checking,shopping,GENERAL_MERCHANDISE_CLOTHING_AND_ACCESSORIES,
253,59.03,REI,sofi2,shopping,GENERAL_MERCHANDISE_CLOTHING_AND_ACCESSORIES,
250,17.86,Nordstrom,checking,shopping,GENERAL_MERCHANDISE_CLOTHING_AND_ACCESSORIES,
249,21.37,Sephora,checking,shopping,GENERAL_MERCHANDISE_CLOTHING_AND_ACCESSORIES,
248,17.63,Uniqlo,cfu,shopping,GENERAL_MERCHANDISE_CLOTHING_AND_ACCESSORIES,
246,41.48,Uniqlo,sofi2,shopping,GENERAL_MERCHANDISE_CLOTHING_AND_ACCESSORIES,
245,16.88,Uniqlo,sofi2,shopping,GENERAL_MERCHANDISE_CLOTHING_AND_ACCESSORIES,
243,38.83,Target,cfu,shopping,GENERAL_MERCHANDISE_CLOTHING_AND_ACCESSORIES,
241,24.31,Sephora,cfu,shopping,GENERAL_MERCHANDISE_CLOTHING_AND_ACCESSORIES,
240,34.82,Uniqlo,sofi2,shopping,GENERAL_MERCHANDISE_CLOTHING_AND_ACCESSORIES,
237,71.63,Uniqlo,cfu,shopping,GENERAL_MERCHANDISE_CLOTHING_AND_ACCESSORIES,
234,17.90,REI,checking,shopping,GENERAL_MERCHANDISE_CLOTHING_AND_ACCESSORIES,
232,54.78,Elliott Bay Book Co,sofi2,shopping,GENERAL_MERCHANDISE_CLOTHING_AND_ACCESSORIES,
229,67.17,Glossier,sofi2,shopping,GENERAL_MERCHANDISE_CLOTHING_AND_ACCESSORIES,
226,30.61,Nordstrom,checking,shopping,GENERAL_MERCHANDISE_CLOTHING_AND_ACCESSORIES,
224,47.12,Uniqlo,sofi2,shopping,GENERAL_MERCHANDISE_CLOTHING_AND_ACCESSORIES,
222,51.35,Sephora,checking,shopping,GENERAL_MERCHANDISE_CLOTHING_AND_ACCESSORIES,
219,40.89,Amazon,cfu,shopping,GENERAL_MERCHANDISE_CLOTHING_AND_ACCESSORIES,
218,19.44,Target,cfu,shopping,GENERAL_MERCHANDISE_CLOTHING_AND_ACCESSORIES,
216,34.05,Elliott Bay Book Co,cfu,shopping,GENERAL_MERCHANDISE_CLOTHING_AND_ACCESSORIES,
215,18.29,Elliott Bay Book Co,sofi2,shopping,GENERAL_MERCHANDISE_CLOTHING_AND_ACCESSORIES,
214,16.86,Uniqlo,cfu,shopping,GENERAL_MERCHANDISE_CLOTHING_AND_ACCESSORIES,
212,44.34,Uniqlo,cfu,shopping,GENERAL_MERCHANDISE_CLOTHING_AND_ACCESSORIES,
211,16.93,Sephora,sofi2,shopping,GENERAL_MERCHANDISE_CLOTHING_AND_ACCESSORIES,
210,17.18,Nordstrom,cfu,shopping,GENERAL_MERCHANDISE_CLOTHING_AND_ACCESSORIES,
209,17.52,Nordstrom,cfu,shopping,GENERAL_MERCHANDISE_CLOTHING_AND_ACCESSORIES,
208,17.06,Nordstrom,checking,shopping,GENERAL_MERCHANDISE_CLOTHING_AND_ACCESSORIES,
207,16.98,Elliott Bay Book Co,cfu,shopping,GENERAL_MERCHANDISE_CLOTHING_AND_ACCESSORIES,
205,67.00,Amazon,cfu,shopping,GENERAL_MERCHANDISE_CLOTHING_AND_ACCESSORIES,
202,57.15,Target,checking,shopping,GENERAL_MERCHANDISE_CLOTHING_AND_ACCESSORIES,
200,21.88,Elliott Bay Book Co,cfu,shopping,GENERAL_MERCHANDISE_CLOTHING_AND_ACCESSORIES,
199,23.34,Uniqlo,cfu,shopping,GENERAL_MERCHANDISE_CLOTHING_AND_ACCESSORIES,
198,54.49,REI,sofi2,shopping,GENERAL_MERCHANDISE_CLOTHING_AND_ACCESSORIES,
195,47.85,Target,checking,shopping,GENERAL_MERCHANDISE_CLOTHING_AND_ACCESSORIES,
194,18.58,Target,sofi2,shopping,GENERAL_MERCHANDISE_CLOTHING_AND_ACCESSORIES,
193,27.73,Target,cfu,shopping,GENERAL_MERCHANDISE_CLOTHING_AND_ACCESSORIES,
191,58.81,REI,checking,shopping,GENERAL_MERCHANDISE_CLOTHING_AND_ACCESSORIES,
188,65.09,Uniqlo,sofi2,shopping,GENERAL_MERCHANDISE_CLOTHING_AND_ACCESSORIES,
186,23.07,REI,cfu,shopping,GENERAL_MERCHANDISE_CLOTHING_AND_ACCESSORIES,
185,17.46,Target,cfu,shopping,GENERAL_MERCHANDISE_CLOTHING_AND_ACCESSORIES,
184,31.26,REI,cfu,shopping,GENERAL_MERCHANDISE_CLOTHING_AND_ACCESSORIES,
181,57.94,Elliott Bay Book Co,sofi2,shopping,GENERAL_MERCHANDISE_CLOTHING_AND_ACCESSORIES,
180,22.99,Target,checking,shopping,GENERAL_MERCHANDISE_CLOTHING_AND_ACCESSORIES,
177,67.61,Nordstrom,checking,shopping,GENERAL_MERCHANDISE_CLOTHING_AND_ACCESSORIES,
175,42.37,Sephora,cfu,shopping,GENERAL_MERCHANDISE_CLOTHING_AND_ACCESSORIES,
173,25.07,Sephora,checking,shopping,GENERAL_MERCHANDISE_CLOTHING_AND_ACCESSORIES,
171,55.80,Glossier,cfu,shopping,GENERAL_MERCHANDISE_CLOTHING_AND_ACCESSORIES,
169,37.49,Sephora,checking,shopping,GENERAL_MERCHANDISE_CLOTHING_AND_ACCESSORIES,
168,38.75,Target,sofi2,shopping,GENERAL_MERCHANDISE_CLOTHING_AND_ACCESSORIES,
166,24.70,Sephora,sofi2,shopping,GENERAL_MERCHANDISE_CLOTHING_AND_ACCESSORIES,
165,18.50,Nordstrom,cfu,shopping,GENERAL_MERCHANDISE_CLOTHING_AND_ACCESSORIES,
163,55.88,Uniqlo,sofi2,shopping,GENERAL_MERCHANDISE_CLOTHING_AND_ACCESSORIES,
161,21.62,Elliott Bay Book Co,checking,shopping,GENERAL_MERCHANDISE_CLOTHING_AND_ACCESSORIES,
161,19.87,Elliott Bay Book Co,sofi2,shopping,GENERAL_MERCHANDISE_CLOTHING_AND_ACCESSORIES,
159,51.89,Sephora,sofi2,shopping,GENERAL_MERCHANDISE_CLOTHING_AND_ACCESSORIES,
157,37.52,Amazon,checking,shopping,GENERAL_MERCHANDISE_CLOTHING_AND_ACCESSORIES,
155,37.90,Sephora,cfu,shopping,GENERAL_MERCHANDISE_CLOTHING_AND_ACCESSORIES,
153,31.46,Nordstrom,sofi2,shopping,GENERAL_MERCHANDISE_CLOTHING_AND_ACCESSORIES,
152,17.70,REI,cfu,shopping,GENERAL_MERCHANDISE_CLOTHING_AND_ACCESSORIES,
151,38.10,Nordstrom,sofi2,shopping,GENERAL_MERCHANDISE_CLOTHING_AND_ACCESSORIES,
149,23.51,Uniqlo,sofi2,shopping,GENERAL_MERCHANDISE_CLOTHING_AND_ACCESSORIES,
148,44.48,Elliott Bay Book Co,checking,shopping,GENERAL_MERCHANDISE_CLOTHING_AND_ACCESSORIES,
145,62.51,Target,checking,shopping,GENERAL_MERCHANDISE_CLOTHING_AND_ACCESSORIES,
142,39.64,Glossier,checking,shopping,GENERAL_MERCHANDISE_CLOTHING_AND_ACCESSORIES,
140,17.12,Glossier,checking,shopping,GENERAL_MERCHANDISE_CLOTHING_AND_ACCESSORIES,
138,49.77,Amazon,checking,shopping,GENERAL_MERCHANDISE_CLOTHING_AND_ACCESSORIES,
136,32.51,Elliott Bay Book Co,checking,shopping,GENERAL_MERCHANDISE_CLOTHING_AND_ACCESSORIES,
134,43.40,Nordstrom,checking,shopping,GENERAL_MERCHANDISE_CLOTHING_AND_ACCESSORIES,
132,27.00,Sephora,checking,shopping,GENERAL_MERCHANDISE_CLOTHING_AND_ACCESSORIES,
129,60.55,Nordstrom,sofi2,shopping,GENERAL_MERCHANDISE_CLOTHING_AND_ACCESSORIES,
127,31.60,Uniqlo,cfu,shopping,GENERAL_MERCHANDISE_CLOTHING_AND_ACCESSORIES,
124,66.04,Target,cfu,shopping,GENERAL_MERCHANDISE_CLOTHING_AND_ACCESSORIES,
121,47.83,Elliott Bay Book Co,cfu,shopping,GENERAL_MERCHANDISE_CLOTHING_AND_ACCESSORIES,
118,62.58,Nordstrom,cfu,shopping,GENERAL_MERCHANDISE_CLOTHING_AND_ACCESSORIES,
115,17.80,Amazon,cfu,shopping,GENERAL_MERCHANDISE_CLOTHING_AND_ACCESSORIES,
113,58.78,Nordstrom,checking,shopping,GENERAL_MERCHANDISE_CLOTHING_AND_ACCESSORIES,
111,21.37,Glossier,cfu,shopping,GENERAL_MERCHANDISE_CLOTHING_AND_ACCESSORIES,
110,19.12,Uniqlo,sofi2,shopping,GENERAL_MERCHANDISE_CLOTHING_AND_ACCESSORIES,
109,18.44,Nordstrom,cfu,shopping,GENERAL_MERCHANDISE_CLOTHING_AND_ACCESSORIES,
108,28.00,Amazon,checking,shopping,GENERAL_MERCHANDISE_CLOTHING_AND_ACCESSORIES,
105,67.43,Nordstrom,cfu,shopping,GENERAL_MERCHANDISE_CLOTHING_AND_ACCESSORIES,
102,42.33,Amazon,cfu,shopping,GENERAL_MERCHANDISE_CLOTHING_AND_ACCESSORIES,
100,30.78,Target,checking,shopping,GENERAL_MERCHANDISE_CLOTHING_AND_ACCESSORIES,
98,52.95,Elliott Bay Book Co,checking,shopping,GENERAL_MERCHANDISE_CLOTHING_AND_ACCESSORIES,
96,22.60,REI,sofi2,shopping,GENERAL_MERCHANDISE_CLOTHING_AND_ACCESSORIES,
95,17.58,Sephora,checking,shopping,GENERAL_MERCHANDISE_CLOTHING_AND_ACCESSORIES,
94,17.34,Amazon,sofi2,shopping,GENERAL_MERCHANDISE_CLOTHING_AND_ACCESSORIES,
93,40.43,Glossier,checking,shopping,GENERAL_MERCHANDISE_CLOTHING_AND_ACCESSORIES,
91,26.69,Sephora,checking,shopping,GENERAL_MERCHANDISE_CLOTHING_AND_ACCESSORIES,
90,18.79,Elliott Bay Book Co,cfu,shopping,GENERAL_MERCHANDISE_CLOTHING_AND_ACCESSORIES,
89,17.84,Uniqlo,checking,shopping,GENERAL_MERCHANDISE_CLOTHING_AND_ACCESSORIES,
88,28.09,Nordstrom,cfu,shopping,GENERAL_MERCHANDISE_CLOTHING_AND_ACCESSORIES,
87,20.47,Amazon,sofi2,shopping,GENERAL_MERCHANDISE_CLOTHING_AND_ACCESSORIES,
85,50.70,Sephora,cfu,shopping,GENERAL_MERCHANDISE_CLOTHING_AND_ACCESSORIES,
82,71.78,Nordstrom,cfu,shopping,GENERAL_MERCHANDISE_CLOTHING_AND_ACCESSORIES,
80,18.64,Uniqlo,sofi2,shopping,GENERAL_MERCHANDISE_CLOTHING_AND_ACCESSORIES,
79,23.38,Elliott Bay Book Co,checking,shopping,GENERAL_MERCHANDISE_CLOTHING_AND_ACCESSORIES,
78,31.39,Nordstrom,sofi2,shopping,GENERAL_MERCHANDISE_CLOTHING_AND_ACCESSORIES,
76,67.80,Elliott Bay Book Co,cfu,shopping,GENERAL_MERCHANDISE_CLOTHING_AND_ACCESSORIES,
73,36.29,Amazon,sofi2,shopping,GENERAL_MERCHANDISE_CLOTHING_AND_ACCESSORIES,
72,21.99,Glossier,checking,shopping,GENERAL_MERCHANDISE_CLOTHING_AND_ACCESSORIES,
71,18.16,Nordstrom,cfu,shopping,GENERAL_MERCHANDISE_CLOTHING_AND_ACCESSORIES,
70,17.22,REI,cfu,shopping,GENERAL_MERCHANDISE_CLOTHING_AND_ACCESSORIES,
69,25.73,Nordstrom,cfu,shopping,GENERAL_MERCHANDISE_CLOTHING_AND_ACCESSORIES,
68,23.82,Uniqlo,sofi2,shopping,GENERAL_MERCHANDISE_CLOTHING_AND_ACCESSORIES,
67,33.69,Target,sofi2,shopping,GENERAL_MERCHANDISE_CLOTHING_AND_ACCESSORIES,
64,73.03,Target,sofi2,shopping,GENERAL_MERCHANDISE_CLOTHING_AND_ACCESSORIES,
62,19.05,Glossier,sofi2,shopping,GENERAL_MERCHANDISE_CLOTHING_AND_ACCESSORIES,
61,24.16,Elliott Bay Book Co,checking,shopping,GENERAL_MERCHANDISE_CLOTHING_AND_ACCESSORIES,
60,37.46,Nordstrom,checking,shopping,GENERAL_MERCHANDISE_CLOTHING_AND_ACCESSORIES,
58,16.84,Uniqlo,sofi2,shopping,GENERAL_MERCHANDISE_CLOTHING_AND_ACCESSORIES,
57,48.58,Sephora,checking,shopping,GENERAL_MERCHANDISE_CLOTHING_AND_ACCESSORIES,
53,35.88,Glossier,sofi2,shopping,GENERAL_MERCHANDISE_CLOTHING_AND_ACCESSORIES,
45,42.29,Sephora,checking,shopping,GENERAL_MERCHANDISE_CLOTHING_AND_ACCESSORIES,
43,25.85,Elliott Bay Book Co,checking,shopping,GENERAL_MERCHANDISE_CLOTHING_AND_ACCESSORIES,
42,30.35,Uniqlo,cfu,shopping,GENERAL_MERCHANDISE_CLOTHING_AND_ACCESSORIES,
41,17.30,Uniqlo,checking,shopping,GENERAL_MERCHANDISE_CLOTHING_AND_ACCESSORIES,
39,24.30,Target,checking,shopping,GENERAL_MERCHANDISE_CLOTHING_AND_ACCESSORIES,
37,56.11,Uniqlo,sofi2,shopping,GENERAL_MERCHANDISE_CLOTHING_AND_ACCESSORIES,
35,16.82,REI,checking,shopping,GENERAL_MERCHANDISE_CLOTHING_AND_ACCESSORIES,
34,16.80,Amazon,checking,shopping,GENERAL_MERCHANDISE_CLOTHING_AND_ACCESSORIES,
32,55.61,Glossier,sofi2,shopping,GENERAL_MERCHANDISE_CLOTHING_AND_ACCESSORIES,
29,57.38,Amazon,sofi2,shopping,GENERAL_MERCHANDISE_CLOTHING_AND_ACCESSORIES,
12,59.38,Elliott Bay Book Co,sofi2,shopping,GENERAL_MERCHANDISE_CLOTHING_AND_ACCESSORIES,
10,24.74,Sephora,checking,shopping,GENERAL_MERCHANDISE_CLOTHING_AND_ACCESSORIES,
9,29.14,Uniqlo,checking,shopping,GENERAL_MERCHANDISE_CLOTHING_AND_ACCESSORIES,
7,20.14,Elliott Bay Book Co,cfu,shopping,GENERAL_MERCHANDISE_CLOTHING_AND_ACCESSORIES,
5,47.16,Nordstrom,sofi2,shopping,GENERAL_MERCHANDISE_CLOTHING_AND_ACCESSORIES,
2,60.96,REI,checking,shopping,GENERAL_MERCHANDISE_CLOTHING_AND_ACCESSORIES,
0,29.19,Elliott Bay Book Co,checking,shopping,GENERAL_MERCHANDISE_CLOTHING_AND_ACCESSORIES,
425,13.63,MoPOP,cfu,entertainment,ENTERTAINMENT_MUSIC_AND_AUDIO,
422,35.69,SIFF Cinema,checking,entertainment,ENTERTAINMENT_MUSIC_AND_AUDIO,
418,37.71,Ticketmaster,cfu,entertainment,ENTERTAINMENT_MUSIC_AND_AUDIO,
414,34.17,Seattle Symphony,checking,entertainment,ENTERTAINMENT_MUSIC_AND_AUDIO,
411,17.38,Seattle Art Museum,checking,entertainment,ENTERTAINMENT_MUSIC_AND_AUDIO,
409,13.50,Neumos,cfu,entertainment,ENTERTAINMENT_MUSIC_AND_AUDIO,
407,23.92,Steam,checking,entertainment,ENTERTAINMENT_MUSIC_AND_AUDIO,
405,21.15,Steam,cfu,entertainment,ENTERTAINMENT_MUSIC_AND_AUDIO,
402,30.87,Ticketmaster,sofi2,entertainment,ENTERTAINMENT_MUSIC_AND_AUDIO,
398,28.40,Steam,checking,entertainment,ENTERTAINMENT_MUSIC_AND_AUDIO,
396,12.60,Seattle Art Museum,sofi2,entertainment,ENTERTAINMENT_MUSIC_AND_AUDIO,
394,18.41,Seattle Symphony,cfu,entertainment,ENTERTAINMENT_MUSIC_AND_AUDIO,
392,27.78,MoPOP,sofi2,entertainment,ENTERTAINMENT_MUSIC_AND_AUDIO,
389,19.11,Ticketmaster,sofi2,entertainment,ENTERTAINMENT_MUSIC_AND_AUDIO,
386,37.48,SIFF Cinema,cfu,entertainment,ENTERTAINMENT_MUSIC_AND_AUDIO,
382,25.85,Neumos,cfu,entertainment,ENTERTAINMENT_MUSIC_AND_AUDIO,
380,12.70,MoPOP,cfu,entertainment,ENTERTAINMENT_MUSIC_AND_AUDIO,
379,12.98,MoPOP,cfu,entertainment,ENTERTAINMENT_MUSIC_AND_AUDIO,
377,12.63,Ticketmaster,sofi2,entertainment,ENTERTAINMENT_MUSIC_AND_AUDIO,
376,14.40,MoPOP,checking,entertainment,ENTERTAINMENT_MUSIC_AND_AUDIO,
374,12.66,Ticketmaster,sofi2,entertainment,ENTERTAINMENT_MUSIC_AND_AUDIO,
372,35.95,MoPOP,checking,entertainment,ENTERTAINMENT_MUSIC_AND_AUDIO,
368,38.25,SIFF Cinema,sofi2,entertainment,ENTERTAINMENT_MUSIC_AND_AUDIO,
365,13.67,MoPOP,checking,entertainment,ENTERTAINMENT_MUSIC_AND_AUDIO,
363,12.78,SIFF Cinema,cfu,entertainment,ENTERTAINMENT_MUSIC_AND_AUDIO,
362,13.34,Ticketmaster,sofi2,entertainment,ENTERTAINMENT_MUSIC_AND_AUDIO,
359,36.36,Seattle Art Museum,sofi2,entertainment,ENTERTAINMENT_MUSIC_AND_AUDIO,
354,30.27,AMC Theatres,checking,entertainment,ENTERTAINMENT_MUSIC_AND_AUDIO,
351,13.37,MoPOP,checking,entertainment,ENTERTAINMENT_MUSIC_AND_AUDIO,
349,18.31,Steam,cfu,entertainment,ENTERTAINMENT_MUSIC_AND_AUDIO,
347,12.62,Ticketmaster,sofi2,entertainment,ENTERTAINMENT_MUSIC_AND_AUDIO,
345,28.80,Seattle Symphony,cfu,entertainment,ENTERTAINMENT_MUSIC_AND_AUDIO,
341,23.26,SIFF Cinema,cfu,entertainment,ENTERTAINMENT_MUSIC_AND_AUDIO,
338,28.57,SIFF Cinema,cfu,entertainment,ENTERTAINMENT_MUSIC_AND_AUDIO,
335,20.18,Steam,cfu,entertainment,ENTERTAINMENT_MUSIC_AND_AUDIO,
332,13.40,MoPOP,checking,entertainment,ENTERTAINMENT_MUSIC_AND_AUDIO,
329,34.17,Seattle Art Museum,cfu,entertainment,ENTERTAINMENT_MUSIC_AND_AUDIO,
326,13.67,MoPOP,cfu,entertainment,ENTERTAINMENT_MUSIC_AND_AUDIO,
325,14.87,Ticketmaster,sofi2,entertainment,ENTERTAINMENT_MUSIC_AND_AUDIO,
322,36.61,AMC Theatres,checking,entertainment,ENTERTAINMENT_MUSIC_AND_AUDIO,
319,16.33,AMC Theatres,cfu,entertainment,ENTERTAINMENT_MUSIC_AND_AUDIO,
315,39.35,MoPOP,cfu,entertainment,ENTERTAINMENT_MUSIC_AND_AUDIO,
312,25.91,AMC Theatres,checking,entertainment,ENTERTAINMENT_MUSIC_AND_AUDIO,
308,29.09,Seattle Symphony,sofi2,entertainment,ENTERTAINMENT_MUSIC_AND_AUDIO,
305,26.19,Seattle Art Museum,sofi2,entertainment,ENTERTAINMENT_MUSIC_AND_AUDIO,
302,28.97,SIFF Cinema,sofi2,entertainment,ENTERTAINMENT_MUSIC_AND_AUDIO,
298,38.87,SIFF Cinema,sofi2,entertainment,ENTERTAINMENT_MUSIC_AND_AUDIO,
293,30.68,SIFF Cinema,sofi2,entertainment,ENTERTAINMENT_MUSIC_AND_AUDIO,
290,23.59,Steam,checking,entertainment,ENTERTAINMENT_MUSIC_AND_AUDIO,
287,22.40,SIFF Cinema,checking,entertainment,ENTERTAINMENT_MUSIC_AND_AUDIO,
284,14.70,Seattle Art Museum,sofi2,entertainment,ENTERTAINMENT_MUSIC_AND_AUDIO,
283,14.22,Neumos,checking,entertainment,ENTERTAINMENT_MUSIC_AND_AUDIO,
280,20.24,Ticketmaster,checking,entertainment,ENTERTAINMENT_MUSIC_AND_AUDIO,
278,24.99,AMC Theatres,checking,entertainment,ENTERTAINMENT_MUSIC_AND_AUDIO,
274,28.34,Steam,cfu,entertainment,ENTERTAINMENT_MUSIC_AND_AUDIO,
272,12.70,SIFF Cinema,checking,entertainment,ENTERTAINMENT_MUSIC_AND_AUDIO,
270,12.65,MoPOP,cfu,entertainment,ENTERTAINMENT_MUSIC_AND_AUDIO,
267,31.75,AMC Theatres,cfu,entertainment,ENTERTAINMENT_MUSIC_AND_AUDIO,
263,28.75,Seattle Symphony,cfu,entertainment,ENTERTAINMENT_MUSIC_AND_AUDIO,
259,35.06,Seattle Art Museum,checking,entertainment,ENTERTAINMENT_MUSIC_AND_AUDIO,
255,13.17,MoPOP,cfu,entertainment,ENTERTAINMENT_MUSIC_AND_AUDIO,
253,19.10,Seattle Symphony,sofi2,entertainment,ENTERTAINMENT_MUSIC_AND_AUDIO,
251,20.05,AMC Theatres,cfu,entertainment,ENTERTAINMENT_MUSIC_AND_AUDIO,
248,25.02,Seattle Symphony,checking,entertainment,ENTERTAINMENT_MUSIC_AND_AUDIO,
244,25.21,Steam,sofi2,entertainment,ENTERTAINMENT_MUSIC_AND_AUDIO,
241,27.33,SIFF Cinema,checking,entertainment,ENTERTAINMENT_MUSIC_AND_AUDIO,
237,36.36,MoPOP,cfu,entertainment,ENTERTAINMENT_MUSIC_AND_AUDIO,
232,34.50,SIFF Cinema,sofi2,entertainment,ENTERTAINMENT_MUSIC_AND_AUDIO,
228,37.53,Seattle Art Museum,cfu,entertainment,ENTERTAINMENT_MUSIC_AND_AUDIO,
224,25.18,SIFF Cinema,cfu,entertainment,ENTERTAINMENT_MUSIC_AND_AUDIO,
221,25.56,Seattle Symphony,sofi2,entertainment,ENTERTAINMENT_MUSIC_AND_AUDIO,
218,19.74,MoPOP,checking,entertainment,ENTERTAINMENT_MUSIC_AND_AUDIO,
215,25.49,Steam,sofi2,entertainment,ENTERTAINMENT_MUSIC_AND_AUDIO,
213,13.12,AMC Theatres,cfu,entertainment,ENTERTAINMENT_MUSIC_AND_AUDIO,
210,25.60,SIFF Cinema,sofi2,entertainment,ENTERTAINMENT_MUSIC_AND_AUDIO,
208,22.92,Ticketmaster,checking,entertainment,ENTERTAINMENT_MUSIC_AND_AUDIO,
205,20.45,Seattle Art Museum,cfu,entertainment,ENTERTAINMENT_MUSIC_AND_AUDIO,
202,36.66,Ticketmaster,cfu,entertainment,ENTERTAINMENT_MUSIC_AND_AUDIO,
200,14.37,Neumos,checking,entertainment,ENTERTAINMENT_MUSIC_AND_AUDIO,
198,14.65,Seattle Art Museum,checking,entertainment,ENTERTAINMENT_MUSIC_AND_AUDIO,
196,30.49,SIFF Cinema,sofi2,entertainment,ENTERTAINMENT_MUSIC_AND_AUDIO,
192,36.59,Seattle Art Museum,cfu,entertainment,ENTERTAINMENT_MUSIC_AND_AUDIO,
189,16.27,AMC Theatres,checking,entertainment,ENTERTAINMENT_MUSIC_AND_AUDIO,
188,12.87,Steam,sofi2,entertainment,ENTERTAINMENT_MUSIC_AND_AUDIO,
186,19.41,AMC Theatres,checking,entertainment,ENTERTAINMENT_MUSIC_AND_AUDIO,
184,12.86,MoPOP,cfu,entertainment,ENTERTAINMENT_MUSIC_AND_AUDIO,
183,14.96,SIFF Cinema,cfu,entertainment,ENTERTAINMENT_MUSIC_AND_AUDIO,
181,23.57,Steam,sofi2,entertainment,ENTERTAINMENT_MUSIC_AND_AUDIO,
178,31.95,MoPOP,checking,entertainment,ENTERTAINMENT_MUSIC_AND_AUDIO,
174,28.99,Neumos,checking,entertainment,ENTERTAINMENT_MUSIC_AND_AUDIO,
172,14.85,MoPOP,checking,entertainment,ENTERTAINMENT_MUSIC_AND_AUDIO,
170,14.10,Seattle Symphony,checking,entertainment,ENTERTAINMENT_MUSIC_AND_AUDIO,
168,27.08,Neumos,cfu,entertainment,ENTERTAINMENT_MUSIC_AND_AUDIO,
166,13.27,AMC Theatres,cfu,entertainment,ENTERTAINMENT_MUSIC_AND_AUDIO,
164,21.08,Seattle Art Museum,checking,entertainment,ENTERTAINMENT_MUSIC_AND_AUDIO,
162,27.40,SIFF Cinema,checking,entertainment,ENTERTAINMENT_MUSIC_AND_AUDIO,
158,34.48,SIFF Cinema,sofi2,entertainment,ENTERTAINMENT_MUSIC_AND_AUDIO,
156,12.79,SIFF Cinema,cfu,entertainment,ENTERTAINMENT_MUSIC_AND_AUDIO,
154,12.89,Seattle Art Museum,sofi2,entertainment,ENTERTAINMENT_MUSIC_AND_AUDIO,
153,12.60,MoPOP,sofi2,entertainment,ENTERTAINMENT_MUSIC_AND_AUDIO,
151,19.25,Ticketmaster,checking,entertainment,ENTERTAINMENT_MUSIC_AND_AUDIO,
149,13.36,Steam,cfu,entertainment,ENTERTAINMENT_MUSIC_AND_AUDIO,
147,16.07,MoPOP,checking,entertainment,ENTERTAINMENT_MUSIC_AND_AUDIO,
145,15.14,Seattle Art Museum,checking,entertainment,ENTERTAINMENT_MUSIC_AND_AUDIO,
143,22.45,Neumos,sofi2,entertainment,ENTERTAINMENT_MUSIC_AND_AUDIO,
141,12.72,Seattle Symphony,checking,entertainment,ENTERTAINMENT_MUSIC_AND_AUDIO,
139,12.71,MoPOP,checking,entertainment,ENTERTAINMENT_MUSIC_AND_AUDIO,
137,15.11,AMC Theatres,cfu,entertainment,ENTERTAINMENT_MUSIC_AND_AUDIO,
135,14.80,Seattle Symphony,sofi2,entertainment,ENTERTAINMENT_MUSIC_AND_AUDIO,
133,14.66,Seattle Symphony,sofi2,entertainment,ENTERTAINMENT_MUSIC_AND_AUDIO,
131,20.75,SIFF Cinema,checking,entertainment,ENTERTAINMENT_MUSIC_AND_AUDIO,
129,13.46,Seattle Art Museum,sofi2,entertainment,ENTERTAINMENT_MUSIC_AND_AUDIO,
127,14.35,Ticketmaster,checking,entertainment,ENTERTAINMENT_MUSIC_AND_AUDIO,
125,14.91,MoPOP,sofi2,entertainment,ENTERTAINMENT_MUSIC_AND_AUDIO,
123,19.16,Ticketmaster,sofi2,entertainment,ENTERTAINMENT_MUSIC_AND_AUDIO,
120,16.52,Seattle Art Museum,checking,entertainment,ENTERTAINMENT_MUSIC_AND_AUDIO,
118,18.38,Steam,cfu,entertainment,ENTERTAINMENT_MUSIC_AND_AUDIO,
116,16.59,Steam,cfu,entertainment,ENTERTAINMENT_MUSIC_AND_AUDIO,
113,34.04,Seattle Symphony,sofi2,entertainment,ENTERTAINMENT_MUSIC_AND_AUDIO,
109,37.44,AMC Theatres,cfu,entertainment,ENTERTAINMENT_MUSIC_AND_AUDIO,
104,33.66,Steam,sofi2,entertainment,ENTERTAINMENT_MUSIC_AND_AUDIO,
101,12.66,Seattle Art Museum,cfu,entertainment,ENTERTAINMENT_MUSIC_AND_AUDIO,
99,22.78,SIFF Cinema,checking,entertainment,ENTERTAINMENT_MUSIC_AND_AUDIO,
97,18.66,SIFF Cinema,sofi2,entertainment,ENTERTAINMENT_MUSIC_AND_AUDIO,
95,12.84,Seattle Symphony,sofi2,entertainment,ENTERTAINMENT_MUSIC_AND_AUDIO,
92,38.06,Ticketmaster,checking,entertainment,ENTERTAINMENT_MUSIC_AND_AUDIO,
89,13.48,AMC Theatres,sofi2,entertainment,ENTERTAINMENT_MUSIC_AND_AUDIO,
86,30.51,Neumos,checking,entertainment,ENTERTAINMENT_MUSIC_AND_AUDIO,
83,37.49,Ticketmaster,checking,entertainment,ENTERTAINMENT_MUSIC_AND_AUDIO,
79,27.18,SIFF Cinema,cfu,entertainment,ENTERTAINMENT_MUSIC_AND_AUDIO,
77,12.62,Ticketmaster,sofi2,entertainment,ENTERTAINMENT_MUSIC_AND_AUDIO,
75,17.11,AMC Theatres,cfu,entertainment,ENTERTAINMENT_MUSIC_AND_AUDIO,
74,19.23,MoPOP,checking,entertainment,ENTERTAINMENT_MUSIC_AND_AUDIO,
71,33.96,SIFF Cinema,checking,entertainment,ENTERTAINMENT_MUSIC_AND_AUDIO,
68,13.63,Neumos,cfu,entertainment,ENTERTAINMENT_MUSIC_AND_AUDIO,
67,12.88,Ticketmaster,sofi2,entertainment,ENTERTAINMENT_MUSIC_AND_AUDIO,
65,18.93,Seattle Symphony,checking,entertainment,ENTERTAINMENT_MUSIC_AND_AUDIO,
63,18.99,Seattle Symphony,checking,entertainment,ENTERTAINMENT_MUSIC_AND_AUDIO,
61,15.57,Seattle Symphony,cfu,entertainment,ENTERTAINMENT_MUSIC_AND_AUDIO,
59,21.21,Seattle Symphony,checking,entertainment,ENTERTAINMENT_MUSIC_AND_AUDIO,
56,38.73,MoPOP,sofi2,entertainment,ENTERTAINMENT_MUSIC_AND_AUDIO,
52,15.02,Steam,sofi2,entertainment,ENTERTAINMENT_MUSIC_AND_AUDIO,
49,28.58,Steam,cfu,entertainment,ENTERTAINMENT_MUSIC_AND_AUDIO,
25,17.26,AMC Theatres,cfu,entertainment,ENTERTAINMENT_MUSIC_AND_AUDIO,
21,14.08,MoPOP,checking,entertainment,ENTERTAINMENT_MUSIC_AND_AUDIO,
19,23.55,Seattle Art Museum,cfu,entertainment,ENTERTAINMENT_MUSIC_AND_AUDIO,
11,16.46,Steam,sofi2,entertainment,ENTERTAINMENT_MUSIC_AND_AUDIO,
5,22.10,AMC Theatres,cfu,entertainment,ENTERTAINMENT_MUSIC_AND_AUDIO,
2,30.58,Steam,checking,entertainment,ENTERTAINMENT_MUSIC_AND_AUDIO,
0,21.41,AMC Theatres,cfu,entertainment,ENTERTAINMENT_MUSIC_AND_AUDIO,
423,49.47,Etsy,checking,other,GENERAL_MERCHANDISE_OTHER_GENERAL_MERCHANDISE,
420,7.20,CVS,sofi2,other,GENERAL_MERCHANDISE_OTHER_GENERAL_MERCHANDISE,
419,13.72,USPS,cfu,other,GENERAL_MERCHANDISE_OTHER_GENERAL_MERCHANDISE,
417,24.28,Etsy,checking,other,GENERAL_MERCHANDISE_OTHER_GENERAL_MERCHANDISE,
415,33.65,Mud Bay,checking,other,GENERAL_MERCHANDISE_OTHER_GENERAL_MERCHANDISE,
412,16.61,CVS,sofi2,other,GENERAL_MERCHANDISE_OTHER_GENERAL_MERCHANDISE,
411,11.06,Mud Bay,cfu,other,GENERAL_MERCHANDISE_OTHER_GENERAL_MERCHANDISE,
409,34.87,CVS,sofi2,other,GENERAL_MERCHANDISE_OTHER_GENERAL_MERCHANDISE,
407,7.06,Petco,sofi2,other,GENERAL_MERCHANDISE_OTHER_GENERAL_MERCHANDISE,
405,27.94,Etsy,checking,other,GENERAL_MERCHANDISE_OTHER_GENERAL_MERCHANDISE,
403,9.88,Mud Bay,checking,other,GENERAL_MERCHANDISE_OTHER_GENERAL_MERCHANDISE,
402,7.13,Mud Bay,sofi2,other,GENERAL_MERCHANDISE_OTHER_GENERAL_MERCHANDISE,
402,7.01,USPS,checking,other,GENERAL_MERCHANDISE_OTHER_GENERAL_MERCHANDISE,
401,11.82,Mud Bay,checking,other,GENERAL_MERCHANDISE_OTHER_GENERAL_MERCHANDISE,
400,9.74,CVS,checking,other,GENERAL_MERCHANDISE_OTHER_GENERAL_MERCHANDISE,
397,44.84,USPS,sofi2,other,GENERAL_MERCHANDISE_OTHER_GENERAL_MERCHANDISE,
394,25.04,Mud Bay,sofi2,other,GENERAL_MERCHANDISE_OTHER_GENERAL_MERCHANDISE,
390,49.24,Mud Bay,checking,other,GENERAL_MERCHANDISE_OTHER_GENERAL_MERCHANDISE,
386,40.71,Bartell Drugs,sofi2,other,GENERAL_MERCHANDISE_OTHER_GENERAL_MERCHANDISE,
382,27.65,Bartell Drugs,sofi2,other,GENERAL_MERCHANDISE_OTHER_GENERAL_MERCHANDISE,
379,35.51,Mud Bay,sofi2,other,GENERAL_MERCHANDISE_OTHER_GENERAL_MERCHANDISE,
377,16.43,Bartell Drugs,checking,other,GENERAL_MERCHANDISE_OTHER_GENERAL_MERCHANDISE,
376,7.05,USPS,cfu,other,GENERAL_MERCHANDISE_OTHER_GENERAL_MERCHANDISE,
375,7.59,Mud Bay,sofi2,other,GENERAL_MERCHANDISE_OTHER_GENERAL_MERCHANDISE,
374,8.76,USPS,checking,other,GENERAL_MERCHANDISE_OTHER_GENERAL_MERCHANDISE,
371,46.16,Petco,cfu,other,GENERAL_MERCHANDISE_OTHER_GENERAL_MERCHANDISE,
368,22.51,USPS,cfu,other,GENERAL_MERCHANDISE_OTHER_GENERAL_MERCHANDISE,
365,45.43,Mud Bay,checking,other,GENERAL_MERCHANDISE_OTHER_GENERAL_MERCHANDISE,
362,13.57,Bartell Drugs,cfu,other,GENERAL_MERCHANDISE_OTHER_GENERAL_MERCHANDISE,
361,9.15,Bartell Drugs,checking,other,GENERAL_MERCHANDISE_OTHER_GENERAL_MERCHANDISE,
358,40.89,Mud Bay,sofi2,other,GENERAL_MERCHANDISE_OTHER_GENERAL_MERCHANDISE,
354,31.43,Mud Bay,cfu,other,GENERAL_MERCHANDISE_OTHER_GENERAL_MERCHANDISE,
351,24.55,Bartell Drugs,cfu,other,GENERAL_MERCHANDISE_OTHER_GENERAL_MERCHANDISE,
347,46.41,CVS,cfu,other,GENERAL_MERCHANDISE_OTHER_GENERAL_MERCHANDISE,
342,32.25,Bartell Drugs,cfu,other,GENERAL_MERCHANDISE_OTHER_GENERAL_MERCHANDISE,
340,11.36,Bartell Drugs,sofi2,other,GENERAL_MERCHANDISE_OTHER_GENERAL_MERCHANDISE,
338,12.97,Etsy,cfu,other,GENERAL_MERCHANDISE_OTHER_GENERAL_MERCHANDISE,
336,24.55,Petco,cfu,other,GENERAL_MERCHANDISE_OTHER_GENERAL_MERCHANDISE,
333,32.33,Etsy,checking,other,GENERAL_MERCHANDISE_OTHER_GENERAL_MERCHANDISE,
330,18.73,Etsy,checking,other,GENERAL_MERCHANDISE_OTHER_GENERAL_MERCHANDISE,
329,7.24,Mud Bay,cfu,other,GENERAL_MERCHANDISE_OTHER_GENERAL_MERCHANDISE,
328,7.03,Etsy,checking,other,GENERAL_MERCHANDISE_OTHER_GENERAL_MERCHANDISE,
325,43.79,Bartell Drugs,cfu,other,GENERAL_MERCHANDISE_OTHER_GENERAL_MERCHANDISE,
323,11.14,Petco,sofi2,other,GENERAL_MERCHANDISE_OTHER_GENERAL_MERCHANDISE,
321,21.54,Petco,checking,other,GENERAL_MERCHANDISE_OTHER_GENERAL_MERCHANDISE,
319,27.42,Petco,checking,other,GENERAL_MERCHANDISE_OTHER_GENERAL_MERCHANDISE,
315,41.35,Petco,sofi2,other,GENERAL_MERCHANDISE_OTHER_GENERAL_MERCHANDISE,
312,24.27,Bartell Drugs,cfu,other,GENERAL_MERCHANDISE_OTHER_GENERAL_MERCHANDISE,
310,8.05,Etsy,sofi2,other,GENERAL_MERCHANDISE_OTHER_GENERAL_MERCHANDISE,
308,30.40,USPS,cfu,other,GENERAL_MERCHANDISE_OTHER_GENERAL_MERCHANDISE,
304,40.21,USPS,cfu,other,GENERAL_MERCHANDISE_OTHER_GENERAL_MERCHANDISE,
302,8.38,Petco,checking,other,GENERAL_MERCHANDISE_OTHER_GENERAL_MERCHANDISE,
299,44.72,Etsy,cfu,other,GENERAL_MERCHANDISE_OTHER_GENERAL_MERCHANDISE,
296,15.66,Bartell Drugs,sofi2,other,GENERAL_MERCHANDISE_OTHER_GENERAL_MERCHANDISE,
294,16.48,Etsy,checking,other,GENERAL_MERCHANDISE_OTHER_GENERAL_MERCHANDISE,
293,12.76,Petco,checking,other,GENERAL_MERCHANDISE_OTHER_GENERAL_MERCHANDISE,
291,8.01,USPS,cfu,other,GENERAL_MERCHANDISE_OTHER_GENERAL_MERCHANDISE,
291,7.41,Etsy,checking,other,GENERAL_MERCHANDISE_OTHER_GENERAL_MERCHANDISE,
289,12.34,Mud Bay,cfu,other,GENERAL_MERCHANDISE_OTHER_GENERAL_MERCHANDISE,
286,46.93,Petco,sofi2,other,GENERAL_MERCHANDISE_OTHER_GENERAL_MERCHANDISE,
281,40.19,Etsy,cfu,other,GENERAL_MERCHANDISE_OTHER_GENERAL_MERCHANDISE,
279,8.60,Etsy,sofi2,other,GENERAL_MERCHANDISE_OTHER_GENERAL_MERCHANDISE,
276,38.27,Etsy,sofi2,other,GENERAL_MERCHANDISE_OTHER_GENERAL_MERCHANDISE,
273,17.54,Petco,cfu,other,GENERAL_MERCHANDISE_OTHER_GENERAL_MERCHANDISE,
271,9.23,Petco,sofi2,other,GENERAL_MERCHANDISE_OTHER_GENERAL_MERCHANDISE,
268,44.91,Etsy,sofi2,other,GENERAL_MERCHANDISE_OTHER_GENERAL_MERCHANDISE,
265,10.83,Petco,checking,other,GENERAL_MERCHANDISE_OTHER_GENERAL_MERCHANDISE,
264,7.41,Mud Bay,cfu,other,GENERAL_MERCHANDISE_OTHER_GENERAL_MERCHANDISE,
263,11.44,Mud Bay,sofi2,other,GENERAL_MERCHANDISE_OTHER_GENERAL_MERCHANDISE,
261,23.32,USPS,cfu,other,GENERAL_MERCHANDISE_OTHER_GENERAL_MERCHANDISE,
259,7.35,Mud Bay,cfu,other,GENERAL_MERCHANDISE_OTHER_GENERAL_MERCHANDISE,
258,7.00,Petco,sofi2,other,GENERAL_MERCHANDISE_OTHER_GENERAL_MERCHANDISE,
255,48.02,Bartell Drugs,sofi2,other,GENERAL_MERCHANDISE_OTHER_GENERAL_MERCHANDISE,
250,46.73,Petco,cfu,other,GENERAL_MERCHANDISE_OTHER_GENERAL_MERCHANDISE,
247,8.59,Bartell Drugs,checking,other,GENERAL_MERCHANDISE_OTHER_GENERAL_MERCHANDISE,
243,48.70,Bartell Drugs,sofi2,other,GENERAL_MERCHANDISE_OTHER_GENERAL_MERCHANDISE,
238,41.25,Petco,cfu,other,GENERAL_MERCHANDISE_OTHER_GENERAL_MERCHANDISE,
235,21.68,CVS,cfu,other,GENERAL_MERCHANDISE_OTHER_GENERAL_MERCHANDISE,
233,16.70,Bartell Drugs,checking,other,GENERAL_MERCHANDISE_OTHER_GENERAL_MERCHANDISE,
231,15.69,Etsy,checking,other,GENERAL_MERCHANDISE_OTHER_GENERAL_MERCHANDISE,
230,7.26,Petco,checking,other,GENERAL_MERCHANDISE_OTHER_GENERAL_MERCHANDISE,
228,34.03,CVS,sofi2,other,GENERAL_MERCHANDISE_OTHER_GENERAL_MERCHANDISE,
225,21.60,Petco,sofi2,other,GENERAL_MERCHANDISE_OTHER_GENERAL_MERCHANDISE,
221,36.12,Bartell Drugs,cfu,other,GENERAL_MERCHANDISE_OTHER_GENERAL_MERCHANDISE,
217,43.41,Mud Bay,checking,other,GENERAL_MERCHANDISE_OTHER_GENERAL_MERCHANDISE,
214,12.45,Bartell Drugs,sofi2,other,GENERAL_MERCHANDISE_OTHER_GENERAL_MERCHANDISE,
212,33.67,Etsy,sofi2,other,GENERAL_MERCHANDISE_OTHER_GENERAL_MERCHANDISE,
209,8.96,Mud Bay,checking,other,GENERAL_MERCHANDISE_OTHER_GENERAL_MERCHANDISE,
209,9.21,Petco,cfu,other,GENERAL_MERCHANDISE_OTHER_GENERAL_MERCHANDISE,
206,45.36,CVS,checking,other,GENERAL_MERCHANDISE_OTHER_GENERAL_MERCHANDISE,
203,10.22,Etsy,cfu,other,GENERAL_MERCHANDISE_OTHER_GENERAL_MERCHANDISE,
202,10.33,USPS,sofi2,other,GENERAL_MERCHANDISE_OTHER_GENERAL_MERCHANDISE,
201,14.11,Bartell Drugs,checking,other,GENERAL_MERCHANDISE_OTHER_GENERAL_MERCHANDISE,
199,45.91,Petco,checking,other,GENERAL_MERCHANDISE_OTHER_GENERAL_MERCHANDISE,
196,15.16,Petco,cfu,other,GENERAL_MERCHANDISE_OTHER_GENERAL_MERCHANDISE,
194,30.39,Mud Bay,checking,other,GENERAL_MERCHANDISE_OTHER_GENERAL_MERCHANDISE,
191,28.95,USPS,checking,other,GENERAL_MERCHANDISE_OTHER_GENERAL_MERCHANDISE,
189,7.08,Etsy,checking,other,GENERAL_MERCHANDISE_OTHER_GENERAL_MERCHANDISE,
188,18.17,USPS,sofi2,other,GENERAL_MERCHANDISE_OTHER_GENERAL_MERCHANDISE,
185,43.27,Etsy,cfu,other,GENERAL_MERCHANDISE_OTHER_GENERAL_MERCHANDISE,
181,37.03,USPS,checking,other,GENERAL_MERCHANDISE_OTHER_GENERAL_MERCHANDISE,
178,40.98,Etsy,sofi2,other,GENERAL_MERCHANDISE_OTHER_GENERAL_MERCHANDISE,
175,13.55,CVS,cfu,other,GENERAL_MERCHANDISE_OTHER_GENERAL_MERCHANDISE,
173,35.66,Mud Bay,sofi2,other,GENERAL_MERCHANDISE_OTHER_GENERAL_MERCHANDISE,
170,35.53,CVS,cfu,other,GENERAL_MERCHANDISE_OTHER_GENERAL_MERCHANDISE,
167,27.75,Etsy,cfu,other,GENERAL_MERCHANDISE_OTHER_GENERAL_MERCHANDISE,
165,7.42,Bartell Drugs,checking,other,GENERAL_MERCHANDISE_OTHER_GENERAL_MERCHANDISE,
164,23.34,Etsy,cfu,other,GENERAL_MERCHANDISE_OTHER_GENERAL_MERCHANDISE,
162,8.05,USPS,checking,other,GENERAL_MERCHANDISE_OTHER_GENERAL_MERCHANDISE,
161,7.10,Mud Bay,cfu,other,GENERAL_MERCHANDISE_OTHER_GENERAL_MERCHANDISE,
161,8.17,CVS,checking,other,GENERAL_MERCHANDISE_OTHER_GENERAL_MERCHANDISE,
160,7.01,Petco,sofi2,other,GENERAL_MERCHANDISE_OTHER_GENERAL_MERCHANDISE,
159,7.94,Bartell Drugs,cfu,other,GENERAL_MERCHANDISE_OTHER_GENERAL_MERCHANDISE,
158,24.31,Petco,sofi2,other,GENERAL_MERCHANDISE_OTHER_GENERAL_MERCHANDISE,
155,32.07,Bartell Drugs,sofi2,other,GENERAL_MERCHANDISE_OTHER_GENERAL_MERCHANDISE,
153,7.25,Etsy,cfu,other,GENERAL_MERCHANDISE_OTHER_GENERAL_MERCHANDISE,
151,30.58,Etsy,sofi2,other,GENERAL_MERCHANDISE_OTHER_GENERAL_MERCHANDISE,
149,19.77,Etsy,checking,other,GENERAL_MERCHANDISE_OTHER_GENERAL_MERCHANDISE,
147,21.61,Petco,sofi2,other,GENERAL_MERCHANDISE_OTHER_GENERAL_MERCHANDISE,
145,9.78,Etsy,cfu,other,GENERAL_MERCHANDISE_OTHER_GENERAL_MERCHANDISE,
144,8.59,Bartell Drugs,checking,other,GENERAL_MERCHANDISE_OTHER_GENERAL_MERCHANDISE,
142,20.03,USPS,sofi2,other,GENERAL_MERCHANDISE_OTHER_GENERAL_MERCHANDISE,
139,39.59,CVS,checking,other,GENERAL_MERCHANDISE_OTHER_GENERAL_MERCHANDISE,
135,23.62,Bartell Drugs,checking,other,GENERAL_MERCHANDISE_OTHER_GENERAL_MERCHANDISE,
133,8.71,Bartell Drugs,cfu,other,GENERAL_MERCHANDISE_OTHER_GENERAL_MERCHANDISE,
131,38.83,CVS,sofi2,other,GENERAL_MERCHANDISE_OTHER_GENERAL_MERCHANDISE,
128,10.28,Etsy,sofi2,other,GENERAL_MERCHANDISE_OTHER_GENERAL_MERCHANDISE,
127,11.03,Petco,sofi2,other,GENERAL_MERCHANDISE_OTHER_GENERAL_MERCHANDISE,
124,40.72,Bartell Drugs,checking,other,GENERAL_MERCHANDISE_OTHER_GENERAL_MERCHANDISE,
120,32.84,CVS,sofi2,other,GENERAL_MERCHANDISE_OTHER_GENERAL_MERCHANDISE,
117,9.00,Petco,cfu,other,GENERAL_MERCHANDISE_OTHER_GENERAL_MERCHANDISE,
116,17.77,Petco,sofi2,other,GENERAL_MERCHANDISE_OTHER_GENERAL_MERCHANDISE,
115,7.74,Etsy,cfu,other,GENERAL_MERCHANDISE_OTHER_GENERAL_MERCHANDISE,
114,7.00,CVS,sofi2,other,GENERAL_MERCHANDISE_OTHER_GENERAL_MERCHANDISE,
113,15.39,CVS,cfu,other,GENERAL_MERCHANDISE_OTHER_GENERAL_MERCHANDISE,
111,8.49,Bartell Drugs,checking,other,GENERAL_MERCHANDISE_OTHER_GENERAL_MERCHANDISE,
110,27.57,CVS,cfu,other,GENERAL_MERCHANDISE_OTHER_GENERAL_MERCHANDISE,
108,7.89,Petco,cfu,other,GENERAL_MERCHANDISE_OTHER_GENERAL_MERCHANDISE,
106,13.48,Mud Bay,cfu,other,GENERAL_MERCHANDISE_OTHER_GENERAL_MERCHANDISE,
104,38.94,Mud Bay,cfu,other,GENERAL_MERCHANDISE_OTHER_GENERAL_MERCHANDISE,
99,44.22,USPS,checking,other,GENERAL_MERCHANDISE_OTHER_GENERAL_MERCHANDISE,
95,37.99,CVS,sofi2,other,GENERAL_MERCHANDISE_OTHER_GENERAL_MERCHANDISE,
91,30.38,CVS,sofi2,other,GENERAL_MERCHANDISE_OTHER_GENERAL_MERCHANDISE,
89,8.07,USPS,checking,other,GENERAL_MERCHANDISE_OTHER_GENERAL_MERCHANDISE,
88,7.29,Bartell Drugs,cfu,other,GENERAL_MERCHANDISE_OTHER_GENERAL_MERCHANDISE,
88,9.09,CVS,checking,other,GENERAL_MERCHANDISE_OTHER_GENERAL_MERCHANDISE,
87,13.38,Bartell Drugs,cfu,other,GENERAL_MERCHANDISE_OTHER_GENERAL_MERCHANDISE,
84,43.84,CVS,checking,other,GENERAL_MERCHANDISE_OTHER_GENERAL_MERCHANDISE,
82,10.13,Mud Bay,checking,other,GENERAL_MERCHANDISE_OTHER_GENERAL_MERCHANDISE,
81,9.20,Etsy,checking,other,GENERAL_MERCHANDISE_OTHER_GENERAL_MERCHANDISE,
79,36.75,USPS,cfu,other,GENERAL_MERCHANDISE_OTHER_GENERAL_MERCHANDISE,
76,24.86,CVS,checking,other,GENERAL_MERCHANDISE_OTHER_GENERAL_MERCHANDISE,
73,27.88,Mud Bay,sofi2,other,GENERAL_MERCHANDISE_OTHER_GENERAL_MERCHANDISE,
71,25.02,CVS,sofi2,other,GENERAL_MERCHANDISE_OTHER_GENERAL_MERCHANDISE,
69,19.32,USPS,sofi2,other,GENERAL_MERCHANDISE_OTHER_GENERAL_MERCHANDISE,
67,14.62,Bartell Drugs,sofi2,other,GENERAL_MERCHANDISE_OTHER_GENERAL_MERCHANDISE,
66,12.46,USPS,checking,other,GENERAL_MERCHANDISE_OTHER_GENERAL_MERCHANDISE,
64,37.30,Mud Bay,checking,other,GENERAL_MERCHANDISE_OTHER_GENERAL_MERCHANDISE,
61,11.66,CVS,sofi2,other,GENERAL_MERCHANDISE_OTHER_GENERAL_MERCHANDISE,
59,41.99,USPS,checking,other,GENERAL_MERCHANDISE_OTHER_GENERAL_MERCHANDISE,
56,20.71,Mud Bay,checking,other,GENERAL_MERCHANDISE_OTHER_GENERAL_MERCHANDISE,
52,35.99,Bartell Drugs,sofi2,other,GENERAL_MERCHANDISE_OTHER_GENERAL_MERCHANDISE,
50,8.60,Petco,sofi2,other,GENERAL_MERCHANDISE_OTHER_GENERAL_MERCHANDISE,
49,20.47,Petco,checking,other,GENERAL_MERCHANDISE_OTHER_GENERAL_MERCHANDISE,
47,16.09,USPS,cfu,other,GENERAL_MERCHANDISE_OTHER_GENERAL_MERCHANDISE,
44,37.20,Petco,sofi2,other,GENERAL_MERCHANDISE_OTHER_GENERAL_MERCHANDISE,
39,46.40,USPS,checking,other,GENERAL_MERCHANDISE_OTHER_GENERAL_MERCHANDISE,
34,47.48,Mud Bay,cfu,other,GENERAL_MERCHANDISE_OTHER_GENERAL_MERCHANDISE,
29,38.99,Etsy,sofi2,other,GENERAL_MERCHANDISE_OTHER_GENERAL_MERCHANDISE,
27,7.17,CVS,sofi2,other,GENERAL_MERCHANDISE_OTHER_GENERAL_MERCHANDISE,
24,38.66,Petco,checking,other,GENERAL_MERCHANDISE_OTHER_GENERAL_MERCHANDISE,
21,24.60,CVS,cfu,other,GENERAL_MERCHANDISE_OTHER_GENERAL_MERCHANDISE,
18,23.61,Mud Bay,cfu,other,GENERAL_MERCHANDISE_OTHER_GENERAL_MERCHANDISE,
15,33.36,USPS,cfu,other,GENERAL_MERCHANDISE_OTHER_GENERAL_MERCHANDISE,
11,43.65,Etsy,cfu,other,GENERAL_MERCHANDISE_OTHER_GENERAL_MERCHANDISE,
8,16.78,CVS,checking,other,GENERAL_MERCHANDISE_OTHER_GENERAL_MERCHANDISE,
6,13.63,Etsy,sofi2,other,GENERAL_MERCHANDISE_OTHER_GENERAL_MERCHANDISE,
5,12.46,Mud Bay,cfu,other,GENERAL_MERCHANDISE_OTHER_GENERAL_MERCHANDISE,
2,37.29,Petco,sofi2,other,GENERAL_MERCHANDISE_OTHER_GENERAL_MERCHANDISE,
